Academic Score,Attendance (%),Course Engagement Score (0-10),Family Income,Parental Education,Gender,Region,Dropout (Yes/No)
49.673992349538175,89.47750097890787,3.396432888574127,288691.7229810325,Postgraduate,Male,Urban,No
52.74780362550597,71.67118572744849,5.848656773966869,85826.44137721468,High School,Male,Urban,No
97.28293557303553,92.3333421775503,4.325246901646582,258690.16392774676,None,Male,Semi-Urban,No
66.78404395404178,82.1618929106538,7.19223459533429,231826.4008781893,High School,Male,Semi-Urban,No
68.17899477669313,56.999064655565604,7.895088061315377,292199.6851555284,High School,Female,Semi-Urban,No
75.92519134379482,65.38622723886282,0.245472121901541,240164.99878948886,Graduate,Male,Rural,No
77.10037707382878,75.29612568022229,7.806723022411787,303849.71679789334,Postgraduate,Female,Rural,No
75.53802995612678,92.62729309173663,3.897728971882093,344893.3448953731,High School,Male,Semi-Urban,No
47.34216108031698,75.30125179577664,5.180729327147705,259172.73205717426,None,Female,Urban,No
37.11065058591502,93.07962610665118,3.6289445506614273,114200.85784684983,Graduate,Female,Rural,No
37.5158248168672,57.03920218878207,1.6668400256570826,224074.5806984667,High School,Female,Rural,No
78.21034676176885,56.12471765005896,4.434359445517398,415481.9318521667,Postgraduate,Female,Rural,No
54.66333337538101,79.46733783412077,9.112695885892952,242098.26778560714,High School,Female,Rural,No
77.46351791406377,90.39031111392863,8.07606531330426,422004.0455567427,Postgraduate,Female,Urban,No
71.1218871986571,73.24546246267467,3.032497544561863,242998.51441705003,High School,Male,Urban,No
38.36617848697146,100.0,9.040095889819174,484108.31604598,High School,Male,Semi-Urban,No
51.70217018789295,75.900037504756,3.6343317047958057,382669.1354612113,Graduate,Male,Semi-Urban,No
66.20354714351502,79.17406697408468,8.256739569575629,481188.6594566427,Postgraduate,Female,Semi-Urban,No
70.19866797748347,73.98447616853882,7.66099818763341,460022.7590705387,Postgraduate,Male,Urban,No
78.55458223742428,92.37171003376685,8.472361836943708,275098.44430126157,High School,Female,Urban,No
76.85289818350292,76.61604361541019,3.6495295101769933,340050.16179124045,High School,Male,Rural,No
51.707818178833406,80.4506340772642,9.709043448022381,446836.9942226049,Graduate,Male,Urban,No
58.676196029967514,100.0,2.1639378717566893,310790.4421026478,None,Female,Semi-Urban,No
41.54410238674292,92.9628511122718,8.314870782948521,240576.8743453636,None,Female,Rural,No
74.08503374577323,84.71012477183747,5.78241136742903,268806.52105579956,None,Male,Urban,No
70.30961397149215,56.41034602072625,2.2205739651533363,371761.0075290305,Postgraduate,Female,Semi-Urban,No
71.23808230858474,68.02977623199318,4.695623003159718,282613.76024351036,High School,Female,Urban,No
71.6177147999619,82.0299831583731,6.501875368268579,408696.9666728325,Postgraduate,Male,Rural,No
65.81478063338,92.31303540583133,5.637620752771908,271585.63482033275,Postgraduate,Female,Urban,No
69.44296732346342,84.78143314809951,8.632672338848135,232387.6328287155,Graduate,Female,Rural,No
62.95719671528473,64.36571492548333,7.84592840534088,423940.3325401784,Postgraduate,Male,Semi-Urban,No
61.37313022638201,84.13287166792435,7.626155839580444,231624.42572040047,Graduate,Male,Rural,No
79.90783631703731,86.47889545977034,8.473202320741436,374892.90227988537,High School,Female,Semi-Urban,No
60.3957796967591,84.5838729801622,9.72190779302686,269586.04910166824,Graduate,Female,Rural,No
68.04656466271221,59.10769953678729,8.86140445153732,146855.543517689,High School,Female,Semi-Urban,No
68.0332930131151,79.43003251277496,6.3108170510175645,483049.7692483528,High School,Female,Urban,No
52.75328551242857,68.54710028839231,3.4409410101213633,402510.1396510528,Graduate,Female,Rural,No
23.817207223501413,66.73480909860142,8.944987970585746,248045.14213077744,Graduate,Female,Urban,Yes
50.45485895728178,77.92827700978856,2.8664491200219047,347520.55204840953,High School,Female,Rural,No
77.10958277233017,78.0957121182507,7.132369289844075,490920.1041044255,Graduate,Female,Semi-Urban,No
52.94412242983112,92.5328663433279,9.488206387191413,208284.2544916629,Graduate,Female,Semi-Urban,No
75.55446612007367,82.38199844254498,0.25094394754496374,397116.13194242836,High School,Male,Semi-Urban,No
63.66495408528833,66.02483034727894,9.883578770173154,413403.51803717273,High School,Female,Semi-Urban,No
36.329819113034326,53.23103082981891,5.580159454669324,292402.57591100445,None,Female,Urban,Yes
50.82484573955489,83.17364960030933,9.745067951061076,254628.36469487197,Graduate,Male,Rural,No
69.3230374464122,84.03531752759153,9.555279439874692,439112.8488078518,None,Male,Urban,No
86.46299557335993,100.0,8.497213221607897,352011.40357885754,High School,Female,Urban,No
78.4092268679874,84.18649030743651,6.2091068373421185,378739.5223700286,Graduate,Female,Urban,No
39.25852303813589,81.53185725750964,6.219624624972577,348075.6719815921,Postgraduate,Female,Urban,No
89.86480796997985,66.88159782582986,8.329306348721678,61620.48792973609,High School,Male,Urban,No
63.94121395409089,70.5354375412097,6.928259356035923,195521.16772577114,High School,Female,Urban,No
73.65828090623967,71.71641992271108,1.1526508918297773,347050.4621795866,None,Female,Semi-Urban,No
54.83956128300617,75.85132609754255,7.03822273826488,248932.3912459305,High School,Female,Semi-Urban,No
79.74218841563349,77.80452830027119,9.224469877639203,187589.92250822493,Graduate,Female,Urban,No
64.88032136177094,70.6611220288872,8.697024455286048,384540.0388196674,High School,Male,Urban,No
42.376577247351946,72.61206591408755,2.1696607989134034,379197.14400681964,Graduate,Female,Rural,No
68.07637702405918,68.21184573774353,2.409673005686738,409286.4095450204,High School,Male,Urban,No
38.07429180291389,78.58614450417336,1.5209634880195333,287160.3058671423,None,Female,Rural,No
85.46413465176693,85.1255657735368,7.347617126869674,285931.13232500147,None,Male,Urban,No
67.17540590325004,70.60487270294398,5.872500219759821,286372.55506090075,Graduate,Female,Semi-Urban,No
77.0996724902455,80.16934896968289,8.932110529640676,361904.30592285265,Graduate,Male,Urban,No
71.3217720747595,77.71941225486646,3.692929859613847,483776.8764527663,High School,Male,Urban,No
58.80629851749228,75.34231813912207,2.020378449825786,97326.56659890799,Graduate,Male,Rural,No
43.91530020080326,100.0,3.164862199135138,501320.76432885986,Graduate,Female,Urban,No
65.94187571886016,76.30270086593612,2.8145126519318464,168834.56495993666,High School,Male,Rural,No
64.38229064838285,53.7103454231869,4.815191647475842,202691.52500314047,Postgraduate,Female,Semi-Urban,No
67.45330795266212,69.74416910121725,2.3447724738870948,355220.92151740973,High School,Male,Urban,No
62.86049580036311,69.55875472364474,6.347054484252378,385990.0491567701,High School,Male,Rural,No
53.41262368803693,82.0214065128782,2.5652842771599396,151862.05028482326,High School,Male,Semi-Urban,No
35.612671256768984,94.49632841539322,4.751249283826805,279507.5061803694,High School,Male,Semi-Urban,No
53.63229115772556,81.4943285141212,0.5698012161718269,343249.31682351924,High School,Male,Rural,No
76.64115498221,82.68276485158448,5.369947938489023,268788.0755629115,Graduate,Male,Urban,No
55.88829752209003,87.53916285793612,8.494215054931617,383707.49788950395,High School,Female,Urban,No
58.4896682638248,94.06599901710615,6.8728963839899215,50000.0,None,Male,Urban,No
58.143241715586285,63.7336873808885,8.987052410053325,179257.69507447554,Graduate,Female,Urban,No
66.12685571040842,88.54526214423697,9.316403931420918,349222.3898001685,Graduate,Male,Rural,No
65.70643880297408,91.17712890213555,4.865228170585678,304249.0885828101,Graduate,Female,Urban,No
81.50996014079782,71.56602904628521,6.254882250419484,375814.01552192227,Graduate,Female,Semi-Urban,No
90.85898243685192,74.4447912362645,5.843195464035849,138695.44372545788,Graduate,Male,Rural,No
61.53162331527424,75.54226324782081,8.569808633577829,389855.16966340726,Graduate,Female,Urban,No
53.181663092409515,84.08420552480976,4.0265827333414075,245440.74655041005,Postgraduate,Female,Urban,No
67.66537941150565,91.97988501581914,5.5189079862468695,258409.3392493826,Graduate,Female,Semi-Urban,No
78.53477058496391,92.09759499534765,3.5222733083225375,429001.34717353946,Postgraduate,Female,Rural,No
84.31978507043658,68.64964004665785,3.318711066459823,383952.1484016718,Graduate,Female,Rural,No
61.92159202956435,83.08277927213034,2.7626572669729543,139809.78173225594,Postgraduate,Male,Rural,No
49.05407111138268,67.17717515487593,6.631138042407513,275088.78832443926,Postgraduate,Male,Rural,No
72.57173017183987,73.64013039498121,5.458436299428593,99357.62391577757,High School,Male,Rural,No
68.99265968629433,91.22896638994675,7.387347345050078,328174.5476797612,High School,Male,Rural,No
57.186495926398266,100.0,7.807067700785333,379630.00384899793,None,Female,Rural,No
38.965099017235666,72.61320145669976,3.8036780199774354,245040.402140504,High School,Male,Semi-Urban,No
83.28131420289843,86.87627561101213,8.361548248012717,342348.83561092376,Postgraduate,Female,Semi-Urban,No
69.79995228916636,80.86091371602353,7.512745786314694,456374.04286179773,Graduate,Male,Rural,No
66.88809297749314,76.93111184095817,6.427257639683858,274479.2868923031,None,Male,Urban,No
50.57847000631037,65.92229690006658,4.9328133098875915,167856.34248884115,High School,Male,Urban,No
64.11071015817006,71.53893572909666,5.785493127661292,277970.5278546439,Graduate,Male,Urban,No
78.07636961066996,100.0,5.581854540183796,405257.2540043075,Graduate,Female,Urban,No
72.39501753196006,76.0419227189324,3.658262583409141,223594.99203574238,High School,Male,Rural,No
65.33205827221269,65.67253317724675,5.819035177362317,384289.92436422856,Graduate,Male,Urban,No
60.653582912507446,98.18416939680522,9.658053589276841,87347.47648584915,High School,Female,Rural,No
72.6353771315443,85.47733499007543,5.221889444145661,433400.58422184415,Postgraduate,Female,Rural,No
55.07665711375872,91.59491638970022,8.983469636924962,254606.97389632673,High School,Male,Rural,No
97.0185403900664,100.0,7.3412810336240675,139797.4387485158,High School,Female,Rural,No
48.641091932720386,72.2896308753598,6.54324431627673,400039.64292161656,High School,Male,Rural,No
55.71298380815361,79.59693606748489,6.550958931847907,225957.7790187775,Postgraduate,Female,Urban,No
82.03262571043516,98.1605384557208,3.318363167912982,354277.2966688584,Postgraduate,Male,Semi-Urban,No
49.50952037781616,89.87046788624062,0.8837304306242999,102639.02602124898,Postgraduate,Female,Urban,No
73.23564603645613,66.65915232798275,5.882127706273518,363876.98918945715,High School,Female,Urban,No
64.22616890135136,76.96776186424316,6.316719114274971,247847.96692029847,Graduate,Female,Semi-Urban,No
78.87580320270878,51.25664533760659,8.919971420288238,236583.11394270184,Graduate,Male,Semi-Urban,No
73.160120308005,78.92611844773714,9.191882250371918,326264.7812447537,Graduate,Male,Urban,No
79.7114521533805,69.4338642572126,9.12394387497123,488156.19224074704,Graduate,Female,Urban,No
52.87199394392251,69.70293815399992,6.5764981989932005,183131.83810601116,Graduate,Male,Urban,No
65.84568781456105,57.35775452987528,5.728407642060861,325723.0975731897,Postgraduate,Female,Urban,No
62.99912219506925,71.4965081281203,3.925982144574597,220930.33767787245,High School,Male,Rural,No
65.49828472950036,100.0,5.583351471683153,362516.4851934187,Postgraduate,Male,Rural,No
63.62964947742093,74.94163456464167,3.6039359263246795,268373.2183503793,High School,Female,Urban,No
78.24743892054364,71.22913434303673,7.496104811203698,392385.2154198728,High School,Male,Urban,No
55.894295787679326,85.1509896591617,3.1743365190478445,465206.59079811804,High School,Female,Semi-Urban,No
59.69800987427032,76.8824611160321,5.734163837977125,356938.93202185526,Graduate,Male,Rural,No
57.43654863119755,89.82753662584018,0.2018555507915154,316799.9235954327,Postgraduate,Female,Semi-Urban,No
61.32960989184575,84.71437731756208,0.4440182976643081,330189.60429940413,Graduate,Female,Rural,No
49.1347553131736,80.09607427916114,4.365798016231387,366082.31577572826,High School,Male,Urban,No
60.17989137394996,71.9144793108695,4.7849299512259,206992.21344420532,Graduate,Female,Semi-Urban,No
57.17093935477207,74.4321533938519,3.3342464113210957,371961.2780602314,None,Male,Urban,No
42.27488671132228,76.13338494812074,7.284514213697135,441200.8037799129,Graduate,Male,Semi-Urban,No
55.94127024619317,92.18066089782052,2.7014847673444664,76210.38788983467,Graduate,Female,Semi-Urban,No
68.4660437514338,55.36881064793047,6.052193734799771,288108.5503888767,High School,Male,Urban,No
53.23554035752079,89.748841128089,1.7017268577061195,374203.04618776095,Graduate,Male,Rural,No
75.72624056018832,94.19656139477709,8.826931299034117,273770.1365133361,High School,Male,Rural,No
65.08953489602499,76.00565037314014,6.869591820393175,394611.2473475683,None,Female,Rural,No
31.5411241141636,91.75052994688026,2.1978756188709436,306994.57882853784,Postgraduate,Female,Rural,No
57.91097140067896,90.66343492735794,5.365688078508341,313138.28929216234,High School,Male,Semi-Urban,No
75.60643004076756,86.20272253260309,5.019674427995703,215106.751201963,Graduate,Female,Semi-Urban,No
44.98586992395981,88.41801983328786,1.3349958093468905,415348.7655893154,Graduate,Male,Semi-Urban,No
76.00924794769662,61.54928983986578,6.741766523577713,78935.5049512301,Graduate,Male,Rural,No
29.33848288778448,74.88306135671938,7.753755035427055,120592.9027247619,Graduate,Male,Urban,No
41.08891494485462,86.68251716795159,5.467422041368,147951.1693307578,High School,Female,Urban,No
82.28241619974742,86.12115359242986,1.8166329727252728,292720.66504544555,Postgraduate,Female,Rural,No
76.3975894270942,77.86863603860508,5.562357562748467,400925.8720627662,Graduate,Male,Semi-Urban,No
83.68079243850079,71.48373233218987,7.770889494119986,121307.90693850818,High School,Male,Rural,No
72.99776764086651,92.87811421275462,9.299785358259388,378919.9742370078,High School,Female,Semi-Urban,No
49.05675110313448,89.074510300846,2.323021779350347,273635.3074416152,Graduate,Female,Rural,No
97.36516764846739,91.04027884725517,6.947818705485038,360233.6377354341,Graduate,Male,Urban,No
57.375024414246845,56.00893554504596,6.478968263402135,437137.46213870624,High School,Female,Rural,No
67.65897020539289,80.69101526508281,9.266592154877314,296292.0891839748,None,Female,Semi-Urban,No
74.66451445275223,81.21137127281595,5.606126453770358,313005.8957814734,None,Female,Urban,No
81.19225537864018,72.77479116676798,2.3101343669209093,371126.797434332,None,Male,Urban,No
90.48927409864991,90.62300339060765,5.1777064751534745,258657.33985977859,High School,Female,Rural,No
71.27342231975913,83.89003207561113,4.717194363580709,390429.95069859904,High School,Male,Urban,No
43.333416688361794,45.550185310745675,0.693604388282929,458742.8610803275,None,Female,Rural,Yes
56.97091118051072,78.96511062828772,5.775938965139721,231897.84110223764,Postgraduate,Male,Semi-Urban,No
37.92344988923681,73.79894912800415,8.451134670767965,304069.11602990254,High School,Female,Rural,No
65.37179263482169,91.95053482157027,7.1884905572011535,313495.01372685673,High School,Female,Rural,No
57.833185832279966,62.414558768649414,5.345013741319034,153969.49341875222,Graduate,Male,Urban,No
47.62986670131973,75.30018782008815,6.83931135156204,296478.3997007528,Graduate,Female,Rural,No
87.87873949750427,85.06348153155548,3.628590635814022,400985.94736101426,High School,Male,Rural,No
85.19987556727479,61.16917238319587,7.381495275163015,275075.8570336862,High School,Male,Rural,No
23.460977935136775,88.046694772017,0.374195615032038,408329.9036899289,Graduate,Female,Urban,No
79.39876363778141,68.14870197081092,7.809763985674242,318697.0081336337,Graduate,Female,Semi-Urban,No
72.20445624415757,93.62727681752652,2.911683918798502,361400.2469241352,High School,Female,Semi-Urban,No
55.37957812202702,99.59395850902321,7.312986726205063,370635.47355344053,Graduate,Male,Urban,No
78.88372540286419,86.78658772441872,6.685798148843769,126960.05946342758,Graduate,Male,Rural,No
75.64731371307415,81.21377872440276,5.628956252904182,408119.0423840825,High School,Female,Urban,No
46.76202435871577,94.34532023635487,7.0760855624638195,290819.4723460516,Postgraduate,Female,Urban,No
77.2493403526784,100.0,8.052247541710045,202161.30783096672,High School,Female,Urban,No
66.11034969121681,87.20253977982362,9.994931953087148,357844.6354225579,High School,Female,Semi-Urban,No
52.205496649228046,96.5996133702833,4.494658170021122,52803.57395284748,Graduate,Male,Urban,No
81.4058186400922,85.77992187071035,3.407042772382056,146113.7205027622,High School,Female,Semi-Urban,No
76.02921779849798,88.59274126786781,8.179946560095143,364685.38036419166,Graduate,Female,Rural,No
56.671237355737695,84.70321680739569,1.6713424812285982,203660.41320140834,High School,Female,Urban,No
59.150255621813955,74.92563651229071,4.45356776180852,289250.1292458842,None,Male,Urban,No
56.27717241859699,84.30145741934614,1.807437134378429,181632.90748269617,High School,Female,Semi-Urban,No
55.49439341309271,62.05436402882815,6.415888768432452,176753.09764988843,Graduate,Female,Semi-Urban,No
54.45037301782426,80.3764862534592,5.527838516052851,134878.58843397922,High School,Male,Semi-Urban,No
66.04965091726426,68.26677355413428,7.232555061244323,331795.80863327323,High School,Female,Semi-Urban,No
82.74798718226815,85.86594921990076,7.843448601190145,404636.10749224917,Postgraduate,Female,Urban,No
62.61240757571971,68.1855513722918,2.324899120498074,230921.17052826757,None,Female,Urban,No
87.51590622737388,83.13843047793597,2.937802139077422,307273.61113446695,Graduate,Female,Rural,No
45.47081208264038,80.41403151883475,6.838935855634438,370583.5042290939,None,Male,Semi-Urban,No
57.38518055587674,76.94739365203148,4.535010763915269,447545.05612834066,Graduate,Male,Urban,No
71.19203195569747,95.42699323237285,8.937283139549777,186510.01301425585,High School,Male,Semi-Urban,No
56.068054450182565,79.95522925577431,3.4223186312644573,353338.2571575256,Postgraduate,Female,Urban,No
68.30385384478248,94.74586713689764,2.312778384629265,151547.4949248106,High School,Male,Urban,No
36.03671935514222,97.13321514872307,2.1421180885856628,329401.20018453,High School,Female,Semi-Urban,No
48.92343068199355,92.02122457712426,3.0689474654953375,210574.47123520123,High School,Female,Rural,No
55.40005462774693,86.92798943879464,1.893072025222069,228153.60362563236,High School,Female,Rural,No
78.24667547228547,73.10046840300899,0.8793292648963236,337649.8614226571,Graduate,Male,Rural,No
59.55435823050327,66.86230857333992,9.751378877091149,368154.272575058,High School,Male,Semi-Urban,No
86.9387522632766,83.50712570180563,5.978963650294914,264711.20874536806,High School,Female,Rural,No
17.75667121012974,72.75224655630583,0.4021513575222213,368175.38882185926,Graduate,Male,Semi-Urban,Yes
65.29502874628797,83.99720609382527,5.502256881097997,223481.30614869803,None,Male,Urban,No
68.91385841986188,93.5870087960986,8.580613383904382,93739.03147622998,Graduate,Male,Semi-Urban,No
80.86946163611901,94.01883414284944,9.695891819084801,325653.04450519435,High School,Male,Urban,No
100.0,89.23284630326359,8.314188253041527,242332.04649368097,High School,Female,Semi-Urban,No
71.41132215907274,72.42464500082697,7.400604505110582,365192.2111817913,Postgraduate,Female,Urban,No
57.131551799505964,73.3868004184459,3.909663789865875,379331.2369986095,Postgraduate,Male,Urban,No
48.032800189669274,75.28555115326363,3.591530198857323,432756.88955223246,Graduate,Male,Rural,No
79.98712035404992,86.91460595141595,5.568494863574522,236869.076098717,High School,Male,Urban,No
64.98760533618403,88.73419992109517,1.4294215694960655,165235.14221849415,None,Female,Urban,No
62.72386039006418,93.90719655815202,0.23032530693545494,397654.8068627663,Graduate,Male,Semi-Urban,No
39.199529669981004,86.07623134452751,2.5084329156901006,458892.44038509857,Postgraduate,Male,Urban,No
44.05723075452591,79.08090081557575,8.744974197081728,434160.0272503899,Graduate,Female,Semi-Urban,No
47.97674818550821,90.76732730476579,4.841789099005,495817.4905094851,High School,Male,Urban,No
32.941541649519934,77.98420323973019,6.5118680194252505,208858.74463320617,High School,Female,Rural,No
64.7817457176726,98.72455188740359,5.297448923175062,350157.64277648705,Graduate,Female,Rural,No
76.36013589258201,71.04369230815261,4.5757193214731515,310931.4481993866,Graduate,Male,Rural,No
88.28734799330586,59.26018063347806,9.040345716309696,347471.9384638107,Graduate,Male,Urban,No
66.46922817377698,94.47357866355318,3.601505875713773,351902.21047674795,Graduate,Female,Semi-Urban,No
71.61404233643688,64.57040758145864,7.271871433230059,325748.1410765139,High School,Male,Urban,No
62.555086669949965,76.53785601803826,4.779251463154366,235028.46455916166,High School,Female,Semi-Urban,No
60.31247983106637,100.0,9.601732063059949,409581.9756663455,None,Male,Rural,No
79.16921431441048,60.64722411812852,7.8652242575047815,317121.8569047342,High School,Male,Urban,No
76.67832058037125,76.36445414606378,9.407664939575309,324257.23340281856,High School,Female,Urban,No
54.610556799746846,68.01494368630902,9.089531742562995,406851.93290546624,Graduate,Female,Semi-Urban,No
90.62508131118743,80.86638176640446,7.894200738959114,283494.36235626304,None,Female,Rural,No
81.25708256555302,66.44910396327748,9.947627175081319,319504.3877675797,None,Female,Semi-Urban,No
64.11582969644944,89.32033421796098,6.745365245476968,369430.76709662407,None,Male,Rural,No
71.12330031396371,83.3463562018139,5.455786612145555,173898.4814070741,Postgraduate,Male,Urban,No
58.07753269321996,91.97604682668357,3.8956707321897186,398961.4429976262,Graduate,Female,Semi-Urban,No
39.46400656488149,60.28841874295093,7.250932410360945,326026.0381735134,High School,Female,Semi-Urban,No
76.14759314468529,82.43029835678864,1.3887971054225734,407608.891742856,Graduate,Male,Semi-Urban,No
67.08147518212482,69.78046146291679,8.298853096606395,311559.5719743077,Graduate,Female,Urban,No
100.0,68.48563044324776,4.730093256889458,396039.3433701895,Graduate,Male,Semi-Urban,No
75.88159716270532,76.12372087826714,2.870378662602251,332620.7359890109,None,Male,Semi-Urban,No
68.66097363861533,83.27704510296338,2.042767795591136,240083.6111053536,None,Female,Urban,No
53.187474212647686,63.48611930537929,7.170079528621973,358004.8213860444,High School,Male,Semi-Urban,No
55.868502161367125,71.43637801639684,9.331686489410037,201283.3618754737,Graduate,Female,Urban,No
86.11360416628062,100.0,2.4606145931273815,258688.58490061807,None,Female,Rural,No
61.4910584981092,83.24341327050332,3.72254498880354,323490.97163967876,High School,Male,Urban,No
60.14697355423105,91.45809989727238,7.786834376635876,427030.46658596164,High School,Female,Semi-Urban,No
68.99627633363552,85.65289013979044,0.2034112350637951,454378.5172066154,Graduate,Male,Urban,No
55.501988300107755,89.13843423907558,4.738915854929164,172848.460352141,Graduate,Male,Rural,No
58.61339971904028,68.97430557948024,1.1418240986999018,343637.12415416626,High School,Female,Rural,No
60.24517209640642,92.05322974193663,1.3105859852892654,113301.33284852095,Graduate,Male,Rural,No
51.15675779321897,83.6209276658525,0.8157342731295403,172955.69176751506,High School,Female,Urban,No
71.48209504031827,78.90351907820005,6.501813340288204,335654.60694391537,None,Female,Semi-Urban,No
71.98235935537909,91.01194458606838,8.51079269421183,315695.28137942025,High School,Female,Semi-Urban,No
76.23626598559734,77.22524683856174,1.866182359807409,260568.797745415,High School,Female,Semi-Urban,No
64.90865016119919,82.71204035250456,0.622990084645173,299860.6624551696,High School,Female,Urban,No
34.01920734832353,79.2880167958087,3.233234367592679,563428.5488307498,High School,Female,Urban,No
92.88012835619656,84.80448879582299,9.05335787452419,183863.83137123188,High School,Female,Urban,No
58.56758145034138,76.41168726299264,8.17255440148498,453267.87974715093,Graduate,Female,Semi-Urban,No
42.42164185949545,75.70987094411443,2.794154832284611,165350.93018812503,High School,Male,Urban,No
65.1110834158746,81.60866866837354,3.6388121088113623,409854.4743911056,Postgraduate,Male,Rural,No
54.791158445249565,71.42417446832673,8.642103929811778,419405.49454290984,Graduate,Female,Rural,No
45.07189080891671,67.83353071443737,0.01839532658563736,487780.76595652674,High School,Female,Rural,No
80.41658974504763,95.26024141918248,7.350034058405597,380795.00079585466,High School,Male,Rural,No
64.81575831387299,64.65146311982022,9.598462598149304,329197.8386579399,High School,Male,Rural,No
71.10779852014453,68.66816744908658,9.551250407314885,546765.5609433118,Graduate,Female,Urban,No
60.677263871076036,93.97337401141608,0.9786678387304293,306005.4180130067,High School,Male,Semi-Urban,No
73.91713929157868,87.85426133787553,7.872683247542925,111271.90216510452,None,Male,Semi-Urban,No
62.82260556760822,92.73969705572217,4.848561201373963,278274.71264594723,Postgraduate,Female,Semi-Urban,No
70.04123551891719,86.42016409198266,9.120920148577042,202308.47488182783,High School,Female,Semi-Urban,No
74.78284182259252,83.81477694932722,2.7972654088362225,211404.9834431493,None,Male,Urban,No
68.41332714131171,64.7784741282177,8.685003474602366,314310.3624155348,High School,Female,Rural,No
61.89281591349835,65.79101856920687,3.3222395267716665,300054.8979673771,Postgraduate,Male,Urban,No
60.145900050884876,55.155461942053705,5.279455544094882,402258.5912184482,High School,Male,Urban,No
42.80183931023305,78.71807851011756,3.7064962971393642,212206.3035257161,Graduate,Male,Semi-Urban,No
88.78508756400656,63.30711614233434,3.3184928758151546,436079.67419568065,High School,Male,Urban,No
56.839609311838224,80.50197674739961,0.843577738791994,396980.8545719171,Graduate,Male,Urban,No
57.20023035314271,100.0,2.2066313129763717,489970.0195920973,High School,Male,Urban,No
70.34020311532305,75.77260380007976,8.39026592428925,372385.8124788649,Graduate,Male,Urban,No
64.57065231623488,80.96473546421139,3.316597196457498,260291.28384614614,High School,Male,Urban,No
62.018025000409644,72.56990299178848,7.529051233075229,384085.09361880354,Graduate,Female,Rural,No
52.73119813526604,79.61202063965834,9.203931751252277,307342.70954158704,Graduate,Female,Semi-Urban,No
81.47242481314753,70.07540529140434,2.528828947428164,233563.46304192406,Graduate,Male,Urban,No
60.431732686000714,63.26017592679081,5.562358151558579,425344.431988082,High School,Male,Semi-Urban,No
81.4760495642511,71.35727481374244,3.2058245919029362,318548.3062888495,Graduate,Male,Urban,No
59.662292427523,95.30219707881716,8.578740867558514,416449.7760805163,Postgraduate,Female,Rural,No
88.32935774145967,73.25315582757787,8.890963566412317,225758.5043112288,High School,Female,Semi-Urban,No
78.55288265671061,92.5660695668486,8.90610106116233,354385.80958682555,Postgraduate,Female,Semi-Urban,No
75.34717780724472,82.2770680008334,1.609424233334077,412349.91421482404,High School,Female,Urban,No
71.83502810962922,80.29611241367628,7.697289633065122,147992.5103412729,None,Female,Urban,No
71.8338590342438,100.0,4.708905758073303,379113.71009865316,Graduate,Female,Semi-Urban,No
88.89173632279324,64.50304526850024,2.42128595209385,284093.66955526976,Graduate,Female,Urban,No
82.46084456662678,77.52405765834729,5.839835350902352,199695.26653037494,Graduate,Male,Semi-Urban,No
57.82018127369964,80.78570569080748,9.892874366953738,340223.68887903437,Postgraduate,Male,Semi-Urban,No
55.918485159194404,51.27754687405746,2.4980156410292107,287814.77105685644,High School,Male,Urban,No
70.07620338453816,90.15185035557234,5.933495957932941,119881.16209960217,None,Female,Rural,No
56.34940344881575,77.36178945030153,3.016821024734717,200877.72103947506,High School,Male,Rural,No
62.243173240489014,63.632522970820354,4.529117309542192,397964.007156812,Postgraduate,Male,Semi-Urban,No
70.80211849709798,61.72640627030704,0.6564400953224314,229476.8997235481,High School,Female,Urban,No
70.14640230202852,61.24934590378743,2.2774375395042568,178046.3912739334,High School,Female,Urban,No
82.48106150097473,76.50342009963802,0.8648793875887628,55856.97455212069,Postgraduate,Female,Urban,No
54.29995468136386,72.62006029228715,7.228670629150563,168052.93197581967,Postgraduate,Male,Semi-Urban,No
59.89604239577256,65.62031171613509,6.546737342053638,339483.86614182254,High School,Male,Urban,No
57.65369584920738,60.03111878619279,5.740844622419292,333491.04949183273,Postgraduate,Female,Rural,No
70.34857373094763,100.0,5.51358133108737,248696.36222516402,High School,Female,Urban,No
66.45935435320207,90.7319575396387,4.879865766166768,392675.1303537636,None,Male,Rural,No
71.64553128009368,73.55390787757017,1.4393726524914152,191478.01104256057,Graduate,Male,Semi-Urban,No
82.46691251512122,67.3269809295482,0.9382159943466784,350227.5658592051,Graduate,Male,Urban,No
86.5268896448427,72.44334195377203,0.6149063761267515,282684.4045496746,Graduate,Male,Urban,No
59.81522091034127,85.27081098765069,8.592598120600012,361136.1093543885,High School,Female,Rural,No
71.74429328685733,95.03313663168508,1.5753647559989947,50000.0,High School,Male,Urban,No
57.49246513698979,78.0979834715168,3.643884936390116,412058.0005757359,Graduate,Female,Rural,No
72.67018102896712,81.3217505013377,5.731424725991908,301227.76561533054,Graduate,Male,Semi-Urban,No
60.72232521608933,73.3345002873122,1.241072420286583,214726.21131079562,None,Female,Urban,No
85.12680561740333,100.0,8.344540715859218,50460.36985963181,Graduate,Male,Rural,No
83.42976184808782,61.478168015051594,2.0751712989244298,65772.92131909024,Graduate,Female,Rural,No
69.70114154188475,87.3630083000322,3.237547267942796,135624.21501415715,Graduate,Female,Urban,No
42.317224292744726,59.83808906247179,7.263589824975104,381641.9177459089,Graduate,Female,Semi-Urban,No
67.76714512137288,92.4432553135567,5.678615354519129,544615.9385275523,Postgraduate,Male,Semi-Urban,No
73.25089458198497,78.37055899146607,9.804001162327156,422348.68751645857,High School,Female,Semi-Urban,No
62.52707743729219,69.85069887144462,0.36050559794177706,404122.4315691239,High School,Male,Semi-Urban,No
56.07509437989986,78.7328871626838,2.151695808470472,162676.9328327402,High School,Male,Rural,No
73.73747181019789,76.41910407498638,6.317283380817602,209997.2164528328,Graduate,Female,Urban,No
57.234951030812354,74.77232999111291,0.875822618945794,286873.63706705807,High School,Female,Urban,No
58.58812917746303,71.83519279629412,1.4798923151848709,238887.6762797907,None,Female,Rural,No
74.47941457516657,94.09474708062194,6.9394167531732975,237526.21004538183,High School,Male,Rural,No
74.28062019770493,82.23068245053477,7.9048377411602075,196640.75905322636,Graduate,Female,Urban,No
91.02831608911738,68.04782982519704,6.753303688176082,217859.01933856963,None,Male,Semi-Urban,No
70.3733278272355,78.32640212859425,9.237821932280104,163017.47558408583,None,Female,Semi-Urban,No
58.21267235339378,70.43721157571433,9.916032420203987,345557.640277135,Graduate,Male,Rural,No
47.338591446269106,81.99630403733747,9.468061672275649,289523.0593638631,High School,Female,Rural,No
73.92743508802582,80.08679523526091,2.5056532694816225,296104.97625521553,High School,Male,Rural,No
60.785245294428734,91.13510719559648,0.3580210126971095,295480.10470795585,High School,Male,Semi-Urban,No
72.92853614629794,73.47988734309678,5.4624650967052135,223805.22267562355,Graduate,Male,Rural,No
81.37709207080053,73.70460281341475,1.0724749832690583,398022.0455732748,None,Male,Semi-Urban,No
67.94824303553789,70.75036664104115,2.238692028540057,398815.94836403785,None,Female,Urban,No
70.45466686766929,75.87339122638272,4.301001483747534,240919.18821010942,Graduate,Female,Rural,No
70.47794185726931,90.13817961914509,4.607415711386446,268617.4896483166,None,Female,Rural,No
48.75150037997922,82.02893247441929,6.040415140235742,248309.42364837378,High School,Male,Urban,No
56.59957579609742,81.98139036492933,8.265833954981144,156886.11782183062,None,Female,Rural,No
87.43295991225007,86.6065156608819,6.555963726567068,275416.9792286374,High School,Male,Rural,No
74.26311811111263,51.297759792958715,6.264447969554992,248800.3149799257,Graduate,Female,Urban,No
59.18488070821934,81.60984745465872,6.5649976372875845,91927.24315234087,High School,Female,Rural,No
60.25576987335117,83.25924437853708,1.638757023100591,299002.6473463327,High School,Male,Urban,No
62.1904016400599,100.0,5.875275568046018,161841.86977532954,Graduate,Female,Semi-Urban,No
53.0191537077352,88.22787919664906,7.635831762450264,250667.3489654226,Graduate,Female,Semi-Urban,No
58.23382374526498,92.89704765325197,2.828192085418584,315474.30805649207,High School,Female,Rural,No
40.8576999387854,95.41574428483203,5.783578132257152,490373.9242954758,Graduate,Female,Semi-Urban,No
44.813049791678885,77.84033103100482,6.716720740408974,202246.43485435867,High School,Female,Rural,No
63.15398335689425,60.62093298853823,6.754473000398171,354464.49224758707,Postgraduate,Female,Semi-Urban,No
67.76301594482781,75.64665536756509,9.298512153531595,379969.9701829743,High School,Female,Semi-Urban,No
54.371403636317666,69.08415727187909,7.851267319518738,202418.537374756,High School,Male,Rural,No
63.004615586223856,86.69996823591,1.732967787952845,384054.43244293233,None,Male,Urban,No
53.36287505237387,69.61454530002635,1.5972866838455635,496854.84533594083,None,Male,Semi-Urban,No
24.203534246377785,74.1052453224501,2.6512300016090706,368762.05158090475,Graduate,Male,Urban,No
55.30493332350979,99.6905678819978,3.6477357465868043,299506.9602985649,None,Female,Semi-Urban,No
75.49676040527389,69.87721695118177,6.20977869548221,510359.82512949576,Graduate,Male,Urban,No
68.44328370178134,81.88821533985565,3.963446465052386,254510.55414068679,Graduate,Male,Rural,No
36.69959306594702,73.05379662093362,3.8335638994148358,260183.3742122079,Graduate,Male,Urban,No
37.11084557671845,77.36867040658137,0.33420939684830175,258029.94836612983,None,Female,Semi-Urban,No
63.71109351658709,81.69717276992364,2.843580076987381,346340.95986705413,Postgraduate,Male,Semi-Urban,No
75.31607514194235,63.411410785529206,4.626022627794204,369697.94957662415,Graduate,Male,Rural,No
58.41755012783784,90.91542013478337,9.072920686683673,297735.99559882976,High School,Female,Urban,No
84.23444084310357,88.15419870022633,1.2802789315860064,271731.68650715903,Postgraduate,Female,Semi-Urban,No
67.4554739438579,89.04293343379749,6.320524801868576,352872.026858086,High School,Male,Semi-Urban,No
58.8857223240996,75.16712528121086,5.714899994864796,452947.89517323463,Graduate,Female,Rural,No
51.553881593590944,79.98069581037153,3.149276531497631,277904.0542143757,Graduate,Male,Semi-Urban,No
59.1090272824904,90.87600608551902,7.101600319181337,111432.78880193672,Postgraduate,Female,Semi-Urban,No
49.31984265585666,77.81441673880995,5.37428123976015,559127.8922175103,Graduate,Female,Rural,No
55.65272228481008,88.21162001074737,1.0461088672090357,113947.96872834928,None,Male,Urban,No
61.90231635397793,68.0850303574054,3.094623315975602,156774.1160334755,Postgraduate,Female,Urban,No
37.35011989192405,77.38832816462418,5.517145808371607,360774.2564333721,Postgraduate,Male,Rural,No
54.94779544805349,54.06750367992526,4.7607607297125405,296194.30248360697,Graduate,Male,Semi-Urban,No
46.882793633642066,70.18437542472832,8.824011607684309,154994.76733564993,High School,Female,Urban,No
75.35181364492006,93.41595799008172,9.868389208828269,309956.7730938448,High School,Male,Semi-Urban,No
37.91612246881098,76.72052272553388,9.494854569085467,223808.5853430202,High School,Male,Urban,No
45.83908051543331,67.47306966367931,1.9832815255621106,276707.55587448284,High School,Female,Rural,No
62.12132605742751,98.43596606502669,9.947812836062319,130603.47964437556,High School,Male,Rural,No
70.47880898445331,93.07472339870876,1.9581321298009124,222021.68643588971,None,Male,Urban,No
94.38552888746604,86.44669445808736,5.012356718735592,299544.30445346626,Graduate,Female,Urban,No
76.73572425456946,100.0,7.7651960604726025,233058.65920085256,None,Female,Semi-Urban,No
52.217560421081785,97.40345628472129,3.748168707201869,466078.76337386743,Postgraduate,Male,Semi-Urban,No
80.35806820419671,93.44040332860543,4.021370275249256,355490.92426503886,Postgraduate,Female,Semi-Urban,No
45.70492888883687,85.52447810826234,4.610015453159988,315068.6183205956,High School,Male,Urban,No
62.91432623475984,57.82396163595125,2.176658894321072,254648.39745912736,Graduate,Male,Urban,No
91.19639500970405,68.70487907007302,3.8357569950956574,303282.6053622278,Graduate,Male,Rural,No
73.91363836789945,89.76138570197627,1.4915243090334096,506148.9242498473,Graduate,Female,Rural,No
56.17392632864087,80.6096086056128,1.715373083709829,325439.6424733487,Graduate,Male,Urban,No
69.16673022511858,83.11941715018395,4.210389196844076,355019.0317364485,None,Male,Urban,No
26.571292147098113,90.00194447670732,5.059012143932233,425270.83387003076,High School,Male,Rural,No
78.61474978768703,81.63852996136823,7.307869924494477,241683.1017642421,High School,Female,Urban,No
48.564630406916756,76.60955706664448,6.390549555359623,305918.7680220279,High School,Female,Semi-Urban,No
67.00981950917031,87.48643597812918,7.118356849323155,112583.4887623169,High School,Male,Urban,No
84.19308757330997,56.880984523619546,6.544011271476543,256742.13387506024,High School,Female,Urban,No
67.94858124426159,61.2742534110793,1.5255241809603726,210464.03595264035,None,Male,Semi-Urban,No
63.82343217271833,76.66462132928989,9.68864028676426,266857.4041322752,High School,Male,Urban,No
93.57159956696293,78.89221080549183,8.181574053287914,350923.79887523554,Postgraduate,Male,Rural,No
72.11933726962336,66.41935245679028,6.1146984254674805,213431.57390947684,Graduate,Male,Rural,No
74.98071324742658,93.2653782774289,9.332623935784689,249775.03110945385,High School,Female,Rural,No
74.0328746635923,68.6523250396263,2.1670659912700376,156678.5609591429,None,Female,Semi-Urban,No
73.14216483685534,84.96277408603805,7.080823325140968,211170.09997988364,High School,Male,Rural,No
66.20707797981318,80.01105708512233,5.717078017127256,230177.33960343053,High School,Male,Urban,No
66.71057750543123,82.83250940785828,3.5650377946636613,219069.88475741824,None,Female,Rural,No
33.119092192924974,79.72940223648195,3.7454713683700636,189248.14269585424,Graduate,Male,Urban,No
56.41856697194393,74.57843569897703,2.0787246910537127,354852.6256428014,High School,Female,Urban,No
55.83346830390351,99.67806218983256,1.9294943140398735,411764.06522294244,High School,Male,Rural,No
68.39786502764343,72.75138480092315,0.7121567936691198,78564.49396442392,Postgraduate,Female,Semi-Urban,No
52.23197698102183,100.0,4.17137846056569,351024.1203720443,Postgraduate,Male,Urban,No
27.8527736434745,100.0,2.627407499535087,204381.1012673682,None,Male,Urban,No
57.529442037753874,66.40608992367656,6.930195043062753,269681.7534978909,High School,Female,Urban,No
62.104302135407345,91.66056527067386,7.686379847265325,261273.48789489633,Graduate,Female,Semi-Urban,No
57.8649415324885,90.84172355184242,6.414976368909063,263863.36887245026,Graduate,Female,Urban,No
42.893323414991656,96.45811561504527,3.340547010992613,228782.9752589714,Graduate,Female,Rural,No
89.60900525119933,73.04515370754295,8.28737934638821,258253.4308103304,High School,Male,Rural,No
42.782688326374796,80.2653106533034,9.238702020945626,140798.34869740994,High School,Female,Urban,No
46.726766035577825,89.30811400742623,5.943512837399975,287052.6406881122,Postgraduate,Male,Urban,No
53.04899940149964,80.61542378551376,5.721889992403995,364320.7471040987,High School,Female,Rural,No
85.32687083435218,76.06951629255136,0.768877504463239,303617.929493572,Postgraduate,Male,Rural,No
92.16525585881655,50.17163800517464,3.2909932062776037,142065.85514928563,None,Female,Semi-Urban,No
61.02795868605718,79.35112710066487,8.04486668825291,451921.4171633365,Graduate,Female,Semi-Urban,No
57.74678711077513,76.86336939901793,7.795199922270256,255213.12924362192,High School,Male,Rural,No
74.14228106049632,77.9243872258911,9.570096343975331,479336.98191925144,Graduate,Female,Rural,No
74.06960541049007,69.13571786784655,3.581741075098507,202992.5530951595,Graduate,Female,Urban,No
50.480896043458756,76.75677732680774,4.011050478262453,270262.57304095046,Graduate,Male,Rural,No
69.72046293944142,85.53353541558795,1.1648352789773508,334002.7424836148,High School,Female,Urban,No
65.5006038461632,87.54838895138975,8.855211005062818,412300.99536708865,High School,Male,Urban,No
97.55006672321969,79.9853128010154,6.322263762757617,87830.15598809457,Graduate,Female,Rural,No
84.75856283877648,75.90321263356856,7.820019114139188,349926.8710635003,High School,Male,Rural,No
71.81464932970867,93.71028781644603,9.073501764409201,327725.01791306376,High School,Male,Rural,No
54.80308219990271,75.73906886380023,6.131318146559849,375848.4748149969,Graduate,Male,Semi-Urban,No
75.15206661563175,86.33838765505998,2.4108180388213487,355513.1005732221,Graduate,Female,Semi-Urban,No
85.67806405738787,68.52931490269818,9.805539432926071,205166.62449691043,None,Male,Rural,No
63.49754370272613,77.25905594271396,1.910647887889454,250294.96513458798,None,Female,Semi-Urban,No
62.31880998736467,79.5577109197926,0.3933504991612746,351659.3968048859,Graduate,Male,Urban,No
73.32393168552044,77.8692725952175,0.9660764715993042,214358.29627309786,Graduate,Female,Urban,No
84.97131225612127,98.84370803685178,2.6815687959303416,294039.99110515293,Postgraduate,Male,Semi-Urban,No
75.89369681884287,69.80936679327544,9.293859551046769,423608.2415546289,High School,Female,Semi-Urban,No
84.64714296924168,92.66268115619407,2.066019243075252,379076.3442002346,Postgraduate,Male,Urban,No
83.90172981809825,68.69614496008779,4.530514387044896,350392.1624063126,Postgraduate,Male,Rural,No
65.66976819389257,72.19070306741486,6.630379868376755,308541.9437359876,High School,Female,Rural,No
74.64300265763416,78.30642246452773,4.531382149286913,279708.1077846992,Postgraduate,Female,Rural,No
56.170848263085645,90.14310988209972,6.453786042107515,358168.8662308045,Postgraduate,Male,Rural,No
93.69556539100074,71.627017669129,1.9569395835516412,425851.4719809882,High School,Male,Urban,No
67.68629636247957,75.469980853919,4.649936603287581,393527.5396825331,Graduate,Male,Rural,No
48.174360673612895,67.74041261400852,4.023812303162826,406211.958936639,High School,Male,Rural,No
65.63149748316148,94.85128039444686,1.084289200053068,236690.04048590898,High School,Female,Urban,No
32.554911673428805,82.24065580240051,8.560476079998438,341637.7908270994,High School,Male,Semi-Urban,No
73.03303105777199,93.68225911072517,6.69230153576245,435104.72295143694,Postgraduate,Male,Urban,No
50.70375369462761,81.1155451288461,5.693862534738817,401090.3020476963,High School,Female,Urban,No
78.19281532637143,66.12948556431297,1.3916467721240744,214010.0822481173,High School,Male,Urban,No
67.08198835535342,75.43067913687119,9.400933497539999,212721.9081001062,Graduate,Male,Semi-Urban,No
67.04840614215092,94.69802303592232,8.415295089889579,327217.4076013313,Postgraduate,Female,Rural,No
67.83028926965639,66.10965397260134,5.711230991880985,208664.0236293082,None,Female,Semi-Urban,No
56.88704189748654,100.0,4.837484144100258,330677.02692094666,Postgraduate,Male,Urban,No
62.90687106688785,100.0,0.7501511151036799,352842.16859593993,None,Male,Urban,No
69.2595303928019,81.89135213122381,8.064807729607566,300348.2160619656,None,Male,Urban,No
68.36177883720443,71.11904556957455,3.169115832237731,394608.59065267065,High School,Female,Urban,No
78.83512574444754,80.40118753046751,1.5295435893414444,249946.28891312127,High School,Male,Urban,No
57.67644357281979,87.08769806559056,2.478774993051469,228658.9093049478,Postgraduate,Female,Urban,No
64.0265263499906,90.09105194134833,8.651855197269414,438583.0690624001,None,Male,Rural,No
50.485088839411446,88.57194123817351,2.645570393349118,220043.85756787637,Graduate,Male,Rural,No
91.36203204279497,75.865077152107,1.9184062454796202,311928.08902280295,None,Female,Semi-Urban,No
56.498945107713425,81.72411905712718,4.268316018717211,232423.63176058073,None,Male,Rural,No
76.82194454706186,69.86674273500313,5.0226306976476405,423975.1025127832,High School,Female,Urban,No
63.30228009918435,85.05549703200961,4.499980241013636,300312.0299829685,High School,Male,Urban,No
66.65307640211459,60.1378918136477,1.0328670851298005,221873.1968678023,High School,Male,Rural,No
68.92097192358996,94.13938473711326,7.290325850696513,390890.01484558574,High School,Female,Urban,No
38.793581073572675,80.75263943925377,9.83548322549693,451390.80200774496,None,Male,Semi-Urban,No
61.983952604431316,69.9557418160652,9.018366954321843,247116.08126347093,None,Female,Urban,No
49.71008468618298,76.88797134032868,9.668236615914461,65214.5596572776,High School,Female,Semi-Urban,No
64.71605960950636,80.42376957543338,0.8323021545627862,320588.18683004164,High School,Female,Rural,No
61.10173237030393,96.05819649485751,6.813076053922744,458647.17841267114,None,Female,Semi-Urban,No
73.47035551986033,89.00546560589692,6.077728971752684,330658.93097674084,High School,Female,Urban,No
76.72469420203129,92.52873103759018,3.4112385858767826,457553.4833102198,Postgraduate,Female,Rural,No
61.130799816788176,93.74127113287743,6.780356314087332,257900.80998400014,High School,Female,Semi-Urban,No
81.8977029310694,88.67720989230784,1.4932774554713524,326192.36457811523,Graduate,Male,Urban,No
47.207953093668564,77.22507939695063,8.91838199007694,206983.78253503758,High School,Female,Semi-Urban,No
52.21581358134824,66.33839826288187,1.6236797956714877,298502.46261368034,None,Male,Urban,No
84.39903920738227,67.29045472882207,7.561374131387115,306202.5543047494,Graduate,Female,Rural,No
67.85388132544047,67.30914762078991,4.415305064806149,291869.4674451713,None,Male,Rural,No
58.668345977134756,66.73350914086676,9.602122137145626,340039.4328296791,High School,Male,Urban,No
83.09460783699252,69.18772582234529,7.818979567433432,318366.92848435015,High School,Male,Urban,No
61.832059701658665,79.00395025996018,7.283173517473193,343232.1673488617,None,Male,Semi-Urban,No
70.08780978121747,84.89850883375074,7.943678733331949,144673.94432344974,Graduate,Male,Rural,No
65.98501310740508,100.0,0.13605996953618082,356050.71697035036,None,Female,Rural,No
47.99356760363253,79.53586300115666,2.303812065140126,244519.6182017122,Graduate,Female,Rural,No
82.32136719331565,93.3056460653612,4.576543352308235,419968.6240760785,Graduate,Female,Urban,No
81.67525684256552,93.03652088868694,2.196912623130569,243844.9234827751,High School,Male,Urban,No
88.02531411353935,100.0,0.36938240039017356,264397.70065095514,Graduate,Female,Rural,No
64.79380667097763,80.96146618991227,1.0489600296819601,287326.4412066259,High School,Male,Urban,No
68.32836640880699,70.51893920578169,2.5805499743008986,376719.2408801,High School,Female,Rural,No
42.54760639965235,78.53441298191788,2.748306883208639,294904.80187470175,Graduate,Male,Urban,No
72.0281654033535,78.65371008761,9.249573566062761,352640.81681461405,High School,Female,Rural,No
72.48805310460136,80.9843223646851,4.3906935059699865,448175.35133821785,High School,Male,Rural,No
58.894936997639135,84.61102119762982,1.8705873253265526,333730.73100004677,Graduate,Male,Urban,No
87.33222796939482,64.91540541211775,8.637456467066906,157487.58523502277,High School,Male,Semi-Urban,No
66.89915148958856,86.08569061888763,1.003582750475135,172957.91920870563,Graduate,Female,Semi-Urban,No
85.61992494924763,83.44635018645765,4.175981197255516,211791.38598134601,High School,Female,Rural,No
82.05548837349332,95.136308851777,9.727302476767804,353324.1503669637,High School,Female,Urban,No
38.32565880382741,92.91185640574099,5.590042411267575,217229.68628373023,High School,Male,Rural,No
73.23598210949436,77.94527980810341,9.284435045252184,339782.11898993363,Graduate,Female,Rural,No
97.07805958421781,94.61509320603115,4.263447766664724,333814.7253464386,High School,Female,Semi-Urban,No
57.534679397365416,63.40156269092671,1.6112451231293101,310730.36507322185,Graduate,Male,Urban,No
48.253016660028244,73.81402334161373,7.780676982602905,242132.5464802897,High School,Male,Rural,No
82.77306579780964,78.85761050082313,5.1188230450346115,428552.6928814447,Postgraduate,Male,Rural,No
88.57175496511954,62.810696100823954,1.1038790257108633,412256.86389351956,High School,Female,Semi-Urban,No
63.72583712783325,80.47605112945274,7.8461900528278194,390175.9278256992,Graduate,Male,Urban,No
57.78026383404864,93.5107075451222,8.944857398910276,470758.24668194214,Graduate,Male,Semi-Urban,No
67.19528406672644,87.56787282211822,2.2507093326821206,363823.63959436916,High School,Male,Rural,No
67.01494017993122,75.99221721348785,9.413699880628066,283897.8099810992,High School,Female,Urban,No
69.3131245013416,95.0538250149767,4.866555718380372,253040.89373500695,Graduate,Female,Rural,No
80.78366014332724,97.7241728447198,5.70017992902093,210844.6987386393,None,Male,Rural,No
77.02104177595889,83.0197294631191,9.601534625169597,133788.09311905684,Graduate,Male,Urban,No
68.3168804910907,80.58570764695448,6.249814826401618,132543.829278289,High School,Female,Urban,No
66.85918217566528,88.8912743453711,6.5235450149875716,227579.01394210733,None,Female,Semi-Urban,No
64.74563290252969,65.63344871616783,1.8066938734517712,475335.38849611406,Graduate,Male,Rural,No
43.95489800572622,60.99555169028736,4.630372995410075,260651.18059554673,Postgraduate,Male,Rural,No
60.71171876229168,77.71110949716959,2.257506179191884,339561.0639375956,None,Male,Urban,No
61.27658767134056,66.0103086202213,7.196668400120952,116614.01040497789,None,Female,Urban,No
75.57488858119272,74.0032158807674,3.4424028912074798,270705.9555567413,None,Male,Rural,No
59.896636450007904,75.01329180909066,6.535377159725209,335334.20274850755,Graduate,Female,Rural,No
59.63869572764517,100.0,4.372396438877539,160603.42413009575,None,Female,Semi-Urban,No
48.74011468761127,78.35886224447586,2.2309338403798185,418427.45893563,High School,Female,Semi-Urban,No
59.367176714995104,86.15501801032573,8.916470247378065,234274.29594093602,Graduate,Female,Urban,No
77.48257271896333,69.10190095383894,4.6368275656438875,437897.4316846145,Graduate,Female,Rural,No
65.53175075125087,92.02118711410424,0.9592606011583316,313324.33400240744,Graduate,Male,Urban,No
89.00756723970186,97.66792902043888,3.259781869081475,219829.29626399104,None,Female,Rural,No
58.986083393489906,84.32332867526343,8.01576223452644,184426.1240385252,Postgraduate,Female,Rural,No
47.223794978703694,82.7141502654269,1.8667621677431634,50000.0,None,Male,Urban,No
80.42685732979085,73.53624920694514,8.537874119546043,370871.71905196353,None,Female,Urban,No
50.778147028953285,100.0,5.331093664199628,369577.22301397286,Postgraduate,Male,Rural,No
67.49787714062175,74.42135315076277,8.328551111959527,162663.909898012,None,Female,Rural,No
49.70197478744702,79.51698013835014,1.3426284035439673,346862.9089650992,High School,Male,Urban,No
52.53943085006663,100.0,6.06813047635213,254064.06760894135,High School,Male,Semi-Urban,No
54.14756420566188,97.69936148171064,6.935445007123962,336756.35056694923,High School,Male,Rural,No
55.87689618494938,91.23807057980213,5.7959824621051,190021.17696154484,Graduate,Female,Urban,No
68.17976722264486,82.37383713916026,9.187576321419563,262369.09100288106,Graduate,Male,Urban,No
73.73717925449566,89.45382286372919,4.946901956603781,315583.66934001003,High School,Male,Urban,No
74.85321856883755,80.80601186845041,5.841923904794633,504808.9814805363,Graduate,Female,Semi-Urban,No
50.71911851168592,83.74219200560472,0.7912617562253299,322545.83732152625,High School,Female,Rural,No
58.556935234626096,80.29050001958959,4.429475461788018,366079.3138530097,None,Female,Rural,No
95.47722950358057,74.48882482476976,4.871158240538035,372723.9144963125,High School,Female,Urban,No
57.45605902912963,76.3570031982446,8.740839053169697,474845.4527226518,High School,Female,Semi-Urban,No
56.10405997143019,86.87892066191647,9.34915019519768,318653.00481703196,Postgraduate,Male,Urban,No
83.93519292149762,95.42858104743371,9.811466836877127,226145.30826860346,High School,Male,Urban,No
62.41837344772775,81.92200018166197,9.266329018154591,358198.6940186213,Graduate,Male,Rural,No
55.17951597660658,100.0,4.687943193167284,294741.8655876889,Graduate,Male,Rural,No
40.725961699219624,59.384159403538995,1.7199644401794245,151497.32842499705,High School,Female,Urban,No
66.52893112236423,75.54505195003944,1.1688395155281894,260425.7139326595,High School,Female,Semi-Urban,No
69.63636590935401,87.09234356319186,1.6162858317026196,196584.64164705633,High School,Male,Urban,No
73.94789252853137,93.43714366476533,4.7782982684647255,65543.02753279702,None,Male,Semi-Urban,No
77.38548126939783,93.86519518479878,8.500394852091373,397908.8207987554,Graduate,Male,Urban,No
75.1398411231628,86.74721999899323,3.54454611790207,420149.7775141236,None,Female,Rural,No
57.97229090121329,84.64326475736664,5.746378198458358,515317.8272250843,Graduate,Male,Semi-Urban,No
68.17543503236463,78.78517099296057,4.4564116045645825,218820.94343261333,High School,Male,Rural,No
70.7839826398825,83.19423025690473,5.234618066736735,244639.18279418722,None,Female,Rural,No
46.57958693393442,90.09940078059732,0.49572659244245254,383420.39997358044,Postgraduate,Female,Rural,No
70.72070063949224,75.69197908735156,6.8875030651363005,146882.57227527627,Postgraduate,Female,Urban,No
60.73577383863561,63.15665809498218,0.6609675553311456,437296.46675367106,Postgraduate,Male,Urban,No
71.42518816015186,76.7600154888073,2.0646849299997774,186824.7024505924,High School,Male,Semi-Urban,No
56.18063290851275,90.68533452329109,8.821936337626076,325101.8114932356,High School,Female,Urban,No
57.23486772592698,71.60544065678806,7.4241778813312385,234287.76833211372,High School,Male,Rural,No
52.38556930542573,98.03145149430242,1.885087349842558,381215.3821126524,Graduate,Female,Rural,No
92.66242376605106,86.69651338137915,6.704510192526772,334832.94306069816,Graduate,Female,Urban,No
89.2456003826489,67.83397843747076,0.17478221525296544,415327.5218433115,High School,Male,Rural,No
61.804700518204335,68.16533398418346,9.738997698642017,287509.80505875114,Graduate,Female,Semi-Urban,No
64.29734818366231,80.47970125824925,7.085676731516855,249862.017751981,High School,Male,Urban,No
68.60464854717978,94.85807988615183,0.633765331721059,292456.07280773,Graduate,Female,Urban,No
53.7726438952471,80.02246206730285,2.2941883953877475,311215.69249558606,High School,Male,Semi-Urban,No
73.72511712504262,89.1921060400702,1.7814123881038635,256558.23392996675,Graduate,Female,Rural,No
81.36677842588212,70.14029729558112,8.016549883996177,315593.4381261422,Graduate,Female,Urban,No
83.35124522546779,84.81182368377858,9.980398015198306,228357.9172201996,Postgraduate,Female,Rural,No
90.88141183029045,79.0262836734359,4.061729574995066,379438.87312241836,High School,Female,Urban,No
82.05274460655575,75.06671860312784,3.9108399046773625,129274.98072262271,Graduate,Male,Urban,No
87.93796345516166,87.5053118170626,4.5558516058080905,355012.86749221815,None,Female,Urban,No
78.88910233217118,76.4488273934503,8.462521310150722,295688.0919131281,Postgraduate,Male,Urban,No
52.78188201503002,85.48122221671323,9.764568299595753,311822.9278509215,Postgraduate,Male,Rural,No
53.95080305838776,100.0,6.459227604233551,264616.7460263261,High School,Male,Urban,No
68.93190275566687,94.32374688572047,5.772360819422586,427651.13538505737,Graduate,Female,Urban,No
52.03113586315303,100.0,0.20880255032679207,147342.1888940375,High School,Female,Urban,No
49.714219396758836,81.85411347613278,7.960105118972585,534700.2965601501,Graduate,Female,Rural,No
69.21817967381867,76.51858857496548,7.686695579618219,79958.72111773456,High School,Male,Rural,No
43.74898733586694,92.76667724624221,0.8841900314099993,319829.4496283346,High School,Female,Semi-Urban,No
49.910414963402445,81.04665114978441,5.752493495143613,354275.09022278705,Postgraduate,Male,Urban,No
50.480058866142315,74.32138167676935,7.681956502831088,243058.513430579,High School,Female,Semi-Urban,No
83.06901361883854,95.37189141789624,2.3037300512251333,193293.7188142386,Postgraduate,Female,Semi-Urban,No
64.18097650387742,87.39810658229413,9.396559454023798,279480.7957771942,Graduate,Female,Urban,No
61.23014739668334,77.61644419742623,7.910506016550283,419360.9090943329,None,Female,Urban,No
64.99661500887038,88.25009274298884,6.8536673046279,427643.04508362396,High School,Male,Rural,No
66.45463512585131,78.32132091313127,9.807722007320752,221581.6898295328,High School,Male,Urban,No
95.91997870640151,72.88130070661725,8.441133340513282,485778.12440308044,Postgraduate,Male,Rural,No
56.744042423965304,81.26469737567557,2.51519569806936,335750.2651397475,None,Male,Rural,No
71.77492009794518,79.55814485007527,1.732102471440733,311613.4704879774,None,Female,Rural,No
60.77172853275817,76.50482677616407,4.1930594358609605,376397.65774408384,Graduate,Male,Urban,No
66.8512241668199,67.38476581964329,3.873398903488421,202192.87648563337,None,Male,Urban,No
61.57252061280586,75.23361999956715,7.707344932411382,284572.08440431766,High School,Female,Urban,No
87.451086718243,90.71453906237673,9.149834131012001,360751.89723580086,Postgraduate,Female,Semi-Urban,No
76.52556013289048,72.1319208016014,6.715574637660362,50000.0,High School,Male,Semi-Urban,No
53.64044775744657,98.10852960719083,9.184965971267223,279326.7757561181,High School,Male,Urban,No
57.389080175160984,81.35784664270341,4.67021861568988,179894.2818610185,High School,Male,Semi-Urban,No
50.95079048223374,78.81985243681072,4.053346218869183,242881.63418274873,Postgraduate,Male,Rural,No
32.588756369011705,85.12742403915144,6.673476377121541,549861.918858577,Graduate,Female,Rural,No
58.228486461361896,81.22619183117234,8.492993880139908,400839.8794487682,High School,Female,Semi-Urban,No
58.368232981643835,90.01982770550404,7.317118022401607,353005.2626307582,Graduate,Male,Rural,No
58.8433061618579,81.12432246957466,3.1268217083009917,190376.25532661675,High School,Male,Rural,No
77.75690757920518,72.07742550852774,7.932566469641982,345687.5321867188,None,Male,Semi-Urban,No
60.92987691798662,94.71101046850279,1.7721579206722504,236820.43843013293,Postgraduate,Female,Semi-Urban,No
75.6626462140697,67.36639308594776,4.896106318779612,420021.5460207596,Postgraduate,Male,Urban,No
48.73239043625685,72.66241344701302,0.021927568347032134,298064.45886865444,None,Male,Urban,No
77.26232338369066,80.41575411928241,7.58486529535443,533036.6638230847,Graduate,Male,Semi-Urban,No
66.60367750870563,56.420982825631704,9.684612552355054,451683.03501086985,None,Male,Semi-Urban,No
77.81622100559697,94.2433115835841,6.21045355854721,256239.83863736817,High School,Female,Rural,No
57.45564560489736,84.009519840249,3.2340002146817137,264987.0481519625,Postgraduate,Female,Rural,No
63.310045884002406,87.49110783905495,8.98927157245867,477526.58168860205,Graduate,Male,Urban,No
59.51309338392243,81.3769406465506,6.1949142257595105,253748.32979452593,None,Male,Urban,No
66.56090230694458,70.20638026419236,0.0018199028306109533,377369.2450239797,Graduate,Male,Semi-Urban,No
57.17278085085081,78.84092536320101,9.24379322808642,398402.8369151886,Graduate,Male,Rural,No
73.74027877082447,85.68928719508989,5.579153500162299,152140.72599545136,Graduate,Male,Rural,No
45.214862928473096,81.49247528682099,2.226627802926294,301655.87812935293,High School,Female,Urban,No
98.75686194468855,81.67202064222319,2.9212896469652163,144567.61993236525,Postgraduate,Female,Semi-Urban,No
76.12710264992195,75.53654169891705,8.21420872668866,399020.27918776846,Graduate,Female,Semi-Urban,No
100.0,84.90127922572037,0.2238661984136936,282360.1023956684,High School,Male,Semi-Urban,No
76.69616378366257,89.34958495787419,7.869552070374894,331794.3011929333,Graduate,Male,Urban,No
61.38307860992196,78.29120456296661,1.596648569089446,234810.5478543972,High School,Male,Semi-Urban,No
76.82357511746287,66.83578587584005,2.333841086578672,192794.22733641573,High School,Female,Urban,No
70.04241609063487,67.15037124226592,0.425498759629489,216726.13079708006,Graduate,Male,Urban,No
59.25550049663797,92.29134693517588,5.195489446774614,312309.72666228336,Graduate,Male,Rural,No
73.12060513390483,94.97388307608847,4.775017140653488,356503.041523742,High School,Male,Urban,No
68.10488255535228,64.51965876386465,3.766041090978691,291760.6733251268,Graduate,Male,Rural,No
72.79927894815378,70.01139839342565,8.711578830725921,329211.07335645746,High School,Female,Semi-Urban,No
44.88066784982976,85.68096891975726,1.1724680583164027,427139.5374105486,Graduate,Male,Urban,No
94.37726317023079,97.88848019201318,7.513935812344962,364455.7632155077,None,Male,Semi-Urban,No
61.37329394688559,84.99110424104946,9.836727231795788,395801.307986887,High School,Female,Urban,No
56.89271085508588,85.54689522505723,8.4652382354758,230879.62822337585,High School,Male,Urban,No
49.85858603508105,77.98781472344183,3.7399443412626567,311176.2715030457,None,Female,Semi-Urban,No
50.78650649100554,62.679390225810245,8.840439485013304,394532.90919845266,High School,Female,Rural,No
63.54183681321329,91.9271376453405,3.697072185713406,313125.1200063932,None,Female,Urban,No
73.81945975993008,79.27962874202514,3.874048269545043,207341.81688734764,None,Male,Urban,No
72.07899024719664,79.0384123299702,9.820049872842784,153717.5808131086,High School,Female,Rural,No
78.60182302062401,67.90762117669556,0.14616649049015162,233893.23721218487,None,Male,Urban,No
66.38833424780593,100.0,1.304999008016161,534114.255100877,High School,Male,Rural,No
46.036790120599285,74.23910052793372,9.694816678256046,179551.76840453804,Graduate,Female,Urban,No
75.2507954557919,71.53524381650625,8.848966272269749,287040.0712262659,Graduate,Female,Urban,No
39.3462410209206,73.49224429890268,4.373748533792478,476021.28238802566,Postgraduate,Male,Semi-Urban,No
51.048383707722834,71.02727475472815,0.9137584229413609,218999.50002257532,High School,Male,Rural,No
81.05196187627949,100.0,4.088588519950267,261498.8904504436,High School,Female,Urban,No
54.22093419110034,63.4719070900701,3.475301211748325,273273.35772225825,None,Male,Rural,No
58.909040426610524,82.79603731498129,2.945661717722672,239679.25986085163,None,Female,Urban,No
54.062978008597156,95.6917714920789,6.174094380235571,281901.78728397965,Postgraduate,Female,Urban,No
63.115359665482835,72.27875857620069,6.014529878298608,149538.81929465127,High School,Male,Rural,No
66.03491134926672,65.15827617013319,9.908122895991056,275002.03852341854,None,Female,Rural,No
60.611343847028266,97.4958606114531,1.3324378933532188,178433.49909614166,None,Male,Urban,No
83.43780415322584,100.0,8.422953404069107,281879.81509166554,High School,Male,Rural,No
58.77726819199046,90.62222775497473,5.358786710259114,430126.18558819883,High School,Male,Urban,No
65.47698995071313,62.06581850933665,5.119610681123729,434960.54236639757,Graduate,Male,Semi-Urban,No
49.34425565656825,63.0374280081968,9.973800226626336,254554.4297126378,None,Male,Semi-Urban,No
72.29762943068447,85.49478403656884,3.873473926615625,355808.77551531437,High School,Male,Urban,No
41.4681164433115,76.48363738228612,7.101157121905047,300443.6149241237,Graduate,Female,Urban,No
73.6331212433872,90.41248312772399,3.473576613559659,387373.7479006237,High School,Male,Rural,No
79.29558343217997,94.18269726486503,7.328975427806137,344272.0206239688,High School,Male,Urban,No
54.690081130876486,99.93965000785121,1.664832578222889,327910.33717668307,Postgraduate,Female,Urban,No
74.61478717569376,89.5019554568791,9.199255577769947,150862.9517410778,High School,Male,Urban,No
53.27234377570052,74.79238123640025,3.4730280414604486,50000.0,None,Male,Rural,No
56.478791838652555,57.736184561429866,3.2056922854547043,310421.00215182255,High School,Female,Rural,No
69.2127103069661,91.58904592890715,0.4525286860089561,267934.1202109262,Graduate,Female,Urban,No
70.72587168479834,98.34263497047866,6.0913453021470785,425155.5898609117,Postgraduate,Female,Semi-Urban,No
54.8340368892335,74.28867820655041,9.411830078699467,361843.82618700014,Graduate,Male,Urban,No
94.19334313380696,100.0,0.3537227055168124,265731.88477749925,High School,Female,Semi-Urban,No
61.889374161551565,67.28424600696702,2.3049657287301386,297221.2012376425,High School,Female,Urban,No
51.53904976902849,75.19615258051256,3.8850995533243573,288509.4531882775,Postgraduate,Male,Urban,No
45.28734098771817,80.38249789516931,0.08962508852188633,263682.9926816501,Postgraduate,Male,Semi-Urban,No
40.238418195340486,72.09628819579443,7.851291530032749,249015.9380675215,None,Male,Urban,No
63.83440014521505,86.23707478604722,5.480295730469599,282290.1733642728,Postgraduate,Male,Semi-Urban,No
76.83586743080728,73.65453012390604,3.193362949442836,159297.24623864394,High School,Male,Semi-Urban,No
76.26983707065875,86.84271192246213,2.247318097014003,413673.4010248065,High School,Female,Urban,No
78.31365568671154,79.67073366949592,0.9543632979432115,176793.82312214698,Graduate,Male,Rural,No
41.25025061003251,69.07626319907658,8.022043629362672,361884.55501601245,Postgraduate,Female,Rural,No
55.524039261462555,81.15666166319366,8.309948350983335,253162.10475003277,High School,Female,Urban,No
73.91173777445056,69.04445487922699,3.720080450261325,341970.5291449657,Postgraduate,Male,Semi-Urban,No
63.17023968832092,72.02971089578733,5.2205261680361295,350938.28705882543,Postgraduate,Male,Urban,No
35.33051636334459,60.85413047074075,8.172911230539949,203390.37426870066,High School,Male,Urban,No
65.70422856418884,73.01071726514675,7.165969911925312,391843.2210546934,None,Female,Rural,No
59.7495712681691,99.01885275801926,2.590902900686114,287583.3015660602,Graduate,Female,Urban,No
68.25503915582058,81.67826242117249,6.905212286613839,312122.93614264793,Graduate,Female,Rural,No
69.08623359311956,63.457244351027015,8.915885092787935,80054.1379910179,Graduate,Male,Urban,No
55.39825681382717,82.87962960208971,5.36644090827671,309117.52439338824,High School,Male,Semi-Urban,No
87.26563710805313,96.99568337688638,9.98420964818742,430612.0806203501,Postgraduate,Female,Rural,No
67.40453141302072,69.49048572477832,5.658599815300378,265147.8655566655,High School,Female,Rural,No
81.59841600130302,100.0,4.413350545477689,194677.25459455582,High School,Male,Urban,No
60.35135007121545,81.10821347828794,5.407107438370181,197632.87778529932,Graduate,Female,Semi-Urban,No
55.39828518010424,74.50150807861691,8.848243318433154,350248.06678274006,High School,Female,Semi-Urban,No
82.09511817813217,76.87665300314916,6.468299448458402,290891.0763255179,High School,Female,Urban,No
90.82667449762405,73.64342538623657,7.142892728613096,406159.8090909146,High School,Male,Rural,No
88.47384972285325,64.27410558565433,6.663281583653966,297325.53076853463,High School,Female,Urban,No
54.9717428739361,83.89777774072748,7.989996795469237,350286.75534626865,None,Female,Semi-Urban,No
86.8264741853411,87.96469054136685,0.6550508249676856,290401.90859466675,None,Female,Semi-Urban,No
51.08739960653883,63.526811538247784,4.796392917016511,396054.8823540182,Graduate,Female,Urban,No
54.4650087173084,83.20590863877435,2.6155442074475266,277807.39437263674,Graduate,Female,Semi-Urban,No
61.80822593552557,82.29889934960005,4.3641437781611785,55138.43471812719,None,Female,Semi-Urban,No
65.11227230976652,76.09850794455886,8.379491895225385,445333.6110123018,High School,Male,Urban,No
71.01923711954889,90.99440584549015,5.088439509666677,262889.3201631894,Graduate,Female,Rural,No
71.72531778040857,100.0,7.39201944921899,339105.9883412275,Graduate,Female,Semi-Urban,No
75.51610641910851,82.50628328235143,1.786802883942803,139724.881097168,Graduate,Female,Rural,No
70.17781901795097,94.93405894495912,8.258901967445485,357603.6751795908,None,Female,Urban,No
56.31006143742261,78.19889315830285,3.205374484068394,364009.5782887957,Graduate,Female,Rural,No
45.97371090284483,89.38186092321394,3.7241295035222444,299590.9853467864,High School,Male,Rural,No
63.734677186105955,63.00239667441991,4.307334600171407,186483.57014013533,Graduate,Male,Semi-Urban,No
43.68048112047473,67.66871012374166,6.274474749696365,145746.5119972521,Graduate,Male,Urban,No
71.56277890969855,79.13243732113582,8.286110182348706,399021.4655899443,High School,Female,Rural,No
72.69423378969644,89.32550805291295,1.0066030915289925,199471.88220609934,Graduate,Female,Urban,No
58.16805167940219,100.0,9.793578513690838,216495.32533793309,High School,Female,Semi-Urban,No
71.03652035857793,60.75971093513505,4.677389010903076,283328.2187213431,None,Female,Urban,No
58.06414074791301,62.80075664696323,0.7783051953621944,322847.80374733603,High School,Male,Urban,No
74.413486338158,73.3211772795306,8.29450749290326,588243.5115668747,High School,Male,Rural,No
64.20223935436181,93.63360820078098,4.069229235479749,250052.0719770303,Graduate,Female,Semi-Urban,No
53.39515548391561,95.11884442448063,4.146225884080779,188544.18932232773,Postgraduate,Male,Urban,No
59.07446157952458,74.0270568193576,9.157707188614006,247784.93904339534,High School,Female,Urban,No
71.87644593357491,87.29372340407369,3.2301479680808987,335888.9982091679,High School,Male,Urban,No
65.27985934942967,85.61047627165911,5.159652100279258,235317.72530829412,High School,Female,Urban,No
62.557190005809964,68.36421632468074,0.8542463314182969,270316.4771979293,Postgraduate,Female,Urban,No
63.83084855891184,100.0,4.161069766763193,280262.33907748817,Postgraduate,Female,Urban,No
57.35885693668932,81.92566946995917,9.352430409174799,367813.9219525832,None,Female,Semi-Urban,No
81.26252635278561,72.1171670272731,4.251125864216148,419107.2155975967,High School,Female,Urban,No
86.22052514119362,86.10009119517358,0.1278574534064525,268163.5639384164,High School,Female,Urban,No
58.671335268969436,80.13432969593015,4.638666939127977,443373.3159658322,Graduate,Male,Urban,No
58.533536091014696,66.75872765496337,5.239788824559315,326300.3224607521,High School,Male,Rural,No
53.70864179192453,90.24921572323437,9.099194930622453,359041.9975463893,High School,Male,Semi-Urban,No
52.93039773757157,74.16869042864023,7.268985215470912,182179.2265322467,Postgraduate,Female,Semi-Urban,No
67.23340913784082,80.57221810212812,1.172218059902339,388010.2254068245,Graduate,Female,Urban,No
54.076474750265334,84.889777002467,8.4772353040497,389545.87231508316,Graduate,Female,Urban,No
93.57604193365864,71.92655152499346,8.064714472547722,305315.60933521815,High School,Female,Rural,No
42.02499603325832,81.93484053078237,5.588997229228699,406256.4175546315,None,Male,Rural,No
76.23875463428426,76.36296356332423,3.0109485869245756,390600.72346196586,High School,Female,Rural,No
81.11064800671203,67.36556306690544,9.737457799708523,124700.34066585283,Graduate,Female,Urban,No
84.99783802615534,90.36573413560863,9.332960849403843,251497.04471544485,Graduate,Female,Rural,No
88.81736379703024,91.33832810363334,2.2112924787288613,300062.66889951547,Postgraduate,Female,Semi-Urban,No
57.40371294558156,79.03222300892538,4.486896757354186,202335.9305929978,Postgraduate,Female,Urban,No
50.580424010525014,82.62718644110404,8.228781723144,265464.9922696686,High School,Male,Urban,No
43.75047073239432,76.4914456826767,7.233310589308287,175674.52273788973,High School,Male,Rural,No
39.68130411451041,75.72475637164196,0.30985742307585107,217019.81814821248,High School,Female,Rural,No
56.1487869784297,95.47878329149452,7.192813389628926,346036.9726188162,Graduate,Female,Semi-Urban,No
78.80316451200433,47.27877590616937,0.8392179765542596,354676.0379357594,Postgraduate,Female,Semi-Urban,No
52.78486022674579,88.37284576257144,9.925698218745138,326332.4300100364,Graduate,Male,Semi-Urban,No
64.29895609131398,80.02781197810567,8.96930563941091,281516.58747196733,Graduate,Male,Urban,No
83.42535407855104,93.46988033940396,7.4231154232114385,348544.7283543215,Graduate,Female,Semi-Urban,No
61.609133594120486,70.72424896582815,2.3226654369785074,189781.54135486545,High School,Female,Urban,No
47.43722476465416,78.92359942751317,4.770697095790274,164944.8895194972,High School,Female,Semi-Urban,No
60.800171131952595,79.53180783343493,1.1254171678550573,304905.10839456436,High School,Female,Urban,No
76.85510076426021,87.17524653267832,7.939093673792962,398298.3156485002,High School,Female,Urban,No
98.2461398642383,76.08186200179993,1.3619359840968337,212539.03808234783,High School,Female,Rural,No
64.50567211979414,72.51501317060988,3.570060215032309,178810.1180625516,High School,Female,Semi-Urban,No
55.01890973683406,87.40239838628862,8.364661391162972,133894.24838417085,Graduate,Male,Rural,No
49.161296394356405,79.85459441945585,9.824876297433887,480782.690344237,High School,Male,Rural,No
72.92347608493286,74.05968841499015,1.1859647962698316,394270.83158667403,Postgraduate,Male,Semi-Urban,No
65.53665753016416,84.74944213009356,7.731365315016517,314630.79111701297,None,Male,Rural,No
80.84783707084671,82.93861621796464,8.5751520344651,304782.9084604053,High School,Female,Semi-Urban,No
92.92900611832935,63.0270304304632,3.482419857537492,196010.01284136705,High School,Female,Urban,No
77.33206026508978,94.76115551287691,8.853815141591246,278386.38633242436,Graduate,Male,Urban,No
44.91075370665568,75.08140965306094,0.7216710284323447,283738.06945855776,Postgraduate,Male,Urban,No
43.14298558107157,66.95662081552182,7.011686109479757,323168.7925703165,Postgraduate,Female,Urban,No
64.25845285895237,80.81238255738236,3.7255214293483876,97969.85667366759,Graduate,Female,Rural,No
47.414073273875715,86.23166151013505,8.899286382869471,201765.95868868264,High School,Female,Rural,No
65.5675660430821,71.63967201477719,7.243596463375029,436410.59481130785,Graduate,Female,Rural,No
58.61111019374844,56.80004803960415,7.05115615242467,395222.386781662,High School,Male,Urban,No
56.70875246820347,67.35313930113591,5.393371805069447,313456.7209325049,Graduate,Male,Urban,No
54.023372181034496,79.78717068165061,4.7694157509872035,289110.2573179187,None,Male,Rural,No
67.76736815196433,63.57054471447462,7.008750736584975,333891.53948600637,Graduate,Female,Rural,No
59.74424113551137,82.49484500312182,1.1678700423528576,251642.29085032243,High School,Male,Rural,No
88.81662494449378,82.82544361465908,0.683034796668538,283251.5592612889,Graduate,Female,Urban,No
56.3166621613213,81.9233828581385,5.595179144009866,375621.34162424615,High School,Male,Urban,No
45.964816811850525,71.00969286485285,0.38815153413692793,332742.71091018175,High School,Female,Semi-Urban,No
75.65305888800614,56.89027002656989,0.5923062332979612,382939.831683271,Graduate,Female,Semi-Urban,No
86.57090475676975,73.08254430819899,3.405651601044962,50000.0,Postgraduate,Female,Semi-Urban,No
100.0,76.17021210706164,0.9198247115089397,311057.59277223307,None,Female,Urban,No
62.86637253235851,92.81471704388736,2.549901496187087,336579.1232883122,None,Female,Semi-Urban,No
84.00293044049673,75.3907138835965,5.034024977432693,52281.52812766575,Graduate,Male,Rural,No
51.06341806585447,100.0,6.380810874889166,289814.1984578386,Graduate,Female,Semi-Urban,No
81.60988795350403,91.26178754439329,4.9177659081193505,54450.6672459305,High School,Female,Urban,No
66.73903611604332,50.22785861688942,3.814790482110715,359219.14975476766,None,Male,Rural,No
40.90591775101923,65.5404785628212,6.044105000705794,317827.7615510087,Graduate,Male,Rural,No
66.80688367573794,76.49603499528871,3.7439808823628526,347047.84494663356,Postgraduate,Male,Urban,No
72.57696643150004,86.80917947641402,1.112870322640015,190276.97790085617,High School,Male,Semi-Urban,No
54.227288897173366,96.47689717111933,9.063463784212686,245904.0238649958,High School,Male,Semi-Urban,No
53.654977525859074,79.91130439105491,9.165081641819501,399972.76603949495,Graduate,Female,Rural,No
36.151592158182865,74.98175281520717,5.613712442929289,166810.69821316365,High School,Male,Urban,No
47.57319455649314,93.48797600745141,2.031776790735246,342885.71039295796,Postgraduate,Male,Urban,No
57.55340594957853,73.89543041874037,5.993659857298596,415019.1957251509,None,Male,Urban,No
66.17649780858027,80.12326849526313,6.783074758366711,326293.0635033735,High School,Male,Urban,No
74.32513706898636,75.59560096756285,6.2566287222241375,310136.11421645194,High School,Female,Urban,No
47.031184725770956,58.9632184382907,3.2089142733919274,145758.54105283567,High School,Female,Rural,No
68.85690490898372,87.35190673568528,3.8221523160726067,402815.7141411995,High School,Female,Rural,No
54.866564005054585,93.39309405435927,8.381853419307133,307462.5741913638,Graduate,Male,Semi-Urban,No
64.53690056787455,61.09295740182989,6.710990914293421,219206.68382005856,None,Female,Semi-Urban,No
40.4231076213471,70.08131436919037,7.263931616341609,439789.1562628889,Graduate,Male,Semi-Urban,No
48.334089044508524,68.33049106977595,7.434921764446808,292972.5286660894,High School,Male,Rural,No
92.63068441892835,84.0316210607026,1.7407606847013446,293643.26181810576,High School,Female,Urban,No
41.97224642302826,81.11947809225033,0.8876687049012921,341088.0236530354,None,Female,Urban,No
89.37137554208186,77.7301381184305,7.4111292003866724,383337.4296898521,Graduate,Female,Rural,No
86.78365908755819,86.98197181842072,5.471654485937453,249243.52950516198,Graduate,Female,Urban,No
87.81953840917119,86.81190865396577,2.806274709580584,250038.7955625925,None,Female,Rural,No
39.125712074731425,76.62948720682455,7.3776484189827904,177640.6978612431,None,Female,Semi-Urban,No
47.09382423571972,76.20815246928545,1.9216036846520013,102954.78676555736,Graduate,Male,Urban,No
73.77699569928224,89.13029516010651,7.49024077459879,169927.87924460066,Postgraduate,Male,Semi-Urban,No
75.83835323009397,85.29760485549117,7.985072562850325,280402.46081804123,Graduate,Male,Rural,No
63.000772434120776,71.71850025025964,3.260850102815981,199384.82529133634,High School,Female,Rural,No
83.91524194840122,97.07792409009318,8.327677393726336,471059.3503575272,Graduate,Male,Urban,No
59.821249047923864,73.91486163293776,6.101772158540928,318315.4029098887,Graduate,Female,Rural,No
69.32080104413498,82.59545763374494,8.077440428847346,161154.15066887235,Graduate,Female,Rural,No
57.91015680455119,56.28032063063159,8.364771330703242,242852.5156057102,High School,Male,Semi-Urban,No
79.12723320771879,84.726616316931,4.018550290924992,306609.58862355584,Postgraduate,Male,Urban,No
46.865855869017075,100.0,1.084073853490094,447748.3629662333,High School,Female,Semi-Urban,No
80.47096553005137,71.0837312878904,6.320820747779672,302302.4053942979,None,Male,Rural,No
70.6270244575338,74.34102989665665,9.421588788294642,333959.04126797745,Graduate,Female,Urban,No
42.974922709257385,91.56047451105584,8.016867370167606,302586.99433646,None,Male,Urban,No
42.20406823548279,95.30985603912241,5.2850079580808496,305557.27296052803,High School,Female,Urban,No
69.50366526421318,90.13619201716332,7.731830145236046,348251.75745135004,Postgraduate,Female,Urban,No
67.3359057227659,63.92959709672485,8.659237326034646,421613.37971463334,Graduate,Male,Urban,No
74.15062121081218,96.41833531275395,7.483801183842403,276601.53411012725,High School,Female,Semi-Urban,No
53.46424673406037,76.75625419345499,9.931919771448115,462430.15919681365,None,Male,Semi-Urban,No
51.02356771223854,75.28834813714406,3.1108377135784258,314990.05852770986,High School,Female,Rural,No
68.59382113145722,77.73829228641516,2.0149569795560507,236938.96897239223,None,Male,Urban,No
75.56807122871176,83.93776017271682,7.07675895805014,369950.8120442529,High School,Male,Urban,No
62.01191085624284,82.47459134200844,4.786716322019502,240822.2177337317,Graduate,Female,Semi-Urban,No
62.979450890352226,80.63057420642231,3.256687724330105,338443.5046821009,Postgraduate,Female,Urban,No
56.37936028664362,57.5341720415707,3.274860822017316,130823.02532705737,High School,Female,Urban,No
51.23178066786501,62.0042298540647,7.0957567207975245,315617.458930502,None,Male,Semi-Urban,No
93.09088336386465,92.36511341396408,6.766690232271925,291921.6271056304,None,Male,Rural,No
67.423205915614,77.3291674949831,2.935292628765589,503484.21120441717,Graduate,Female,Semi-Urban,No
39.484323901513,77.60447303480602,2.391058886507712,303810.28787154524,Postgraduate,Male,Urban,No
55.752210851086346,83.99979465260319,6.882606519907077,450538.56725050707,High School,Female,Semi-Urban,No
52.60178449739244,87.86689682755353,0.3160686988216066,250523.26689939498,Graduate,Female,Rural,No
52.7698172374255,85.82728231570194,5.443412171388963,407500.8007541294,High School,Female,Semi-Urban,No
84.62333107272923,68.0343116218441,4.638444273596419,278339.4228393827,Graduate,Male,Urban,No
74.02819623357249,95.2570219271203,3.365897308574486,450998.5659191861,Postgraduate,Female,Semi-Urban,No
54.118766223709194,76.20265790163884,9.884992775488588,187366.8499211978,Graduate,Female,Rural,No
87.27592754251705,64.26478686950412,2.5173923180262383,310783.3399828245,High School,Female,Rural,No
69.99289974962842,71.68568025080758,7.312308359964196,276243.80752995546,Graduate,Male,Urban,No
71.2005338616234,73.24245033894263,6.989390045767678,229770.67365854525,High School,Female,Rural,No
89.00167548167006,83.5041345246193,4.411864890033038,293845.2625055645,Graduate,Male,Rural,No
35.141036960566616,82.60603582574586,9.724941399389774,232133.885523054,High School,Male,Urban,No
41.949755898327055,90.4753135548894,7.042821990673369,367503.76445400534,None,Female,Semi-Urban,No
63.58176555121675,98.19025074024051,2.963691369998455,257001.59487278725,Postgraduate,Male,Rural,No
60.62407575226308,79.13111665505276,2.0064120525035936,364796.51579810126,Graduate,Female,Urban,No
54.92250111906894,88.24507703967167,3.2716276160571613,334556.5816065074,Postgraduate,Male,Urban,No
68.76307936394186,73.09915692195375,6.228297374684088,375083.64822377975,Graduate,Male,Urban,No
76.33043829446967,71.1466404104989,7.316988735017156,222120.57695833762,High School,Female,Semi-Urban,No
49.951382570204416,75.13690278437737,9.76420120800261,75036.38429881222,High School,Male,Urban,No
66.09019638425339,86.17363751065785,6.142056129078548,301357.3134526732,Graduate,Female,Urban,No
57.92980286539891,89.55472065944853,5.4378384724106255,273226.98106446746,High School,Female,Urban,No
56.19603563901644,79.81744008107593,2.4431633441650122,310211.95118617004,Postgraduate,Male,Urban,No
96.21655597878289,81.77987403279899,0.23763783037650255,393515.5080671269,Graduate,Male,Rural,No
57.89635346668765,78.95549301553842,6.205755635599516,245478.7478976533,None,Male,Semi-Urban,No
59.28875260903553,67.34907568813996,7.692402437630489,341556.4599520636,High School,Female,Rural,No
45.89394309826262,52.88650200795785,4.382982786703966,392159.6773725195,High School,Male,Rural,No
82.4072816539074,82.30370163217255,9.459643971385535,247086.06684153332,Graduate,Female,Urban,No
56.02134023272475,70.97229387899361,8.198089267558027,139401.36731805216,Graduate,Female,Urban,No
71.12139847258234,87.26920817869846,6.171364938825715,232133.48493190663,None,Female,Rural,No
54.43927897582545,79.00517686318817,4.332295035644891,313912.4414421021,Graduate,Female,Semi-Urban,No
73.86369453010809,89.29287627206783,6.481852440078751,84676.10517514648,High School,Female,Semi-Urban,No
70.13257737595634,98.04532603554809,1.8703330937886475,282349.90458109486,Graduate,Female,Rural,No
64.62753127821823,64.08139496652655,2.9407166877583437,414059.58163450874,High School,Female,Urban,No
70.24717370293325,85.72070756946233,3.766262738839643,317957.405214236,Graduate,Female,Urban,No
81.65362272759808,92.14481982256811,7.405621781892123,159867.13322119415,Graduate,Female,Urban,No
68.15487949127234,79.0418765446032,4.898523757233042,340211.96461298945,None,Female,Urban,No
50.14914662126711,90.70147558586407,1.887309174264764,166728.60151603067,High School,Male,Semi-Urban,No
81.6422957972843,67.46044150256806,3.57675559157137,401353.1244603313,High School,Female,Rural,No
78.2327402183522,77.84963633978067,2.716215932583299,389411.2934781123,High School,Female,Rural,No
62.05737515860764,97.24838612312199,3.668564935968801,252781.33106852163,Graduate,Female,Semi-Urban,No
50.673997291314436,100.0,2.5429970831382853,342429.73460696125,Graduate,Female,Urban,No
62.98400368811362,82.28813496301596,0.6991282651187214,133095.4902998678,Graduate,Male,Semi-Urban,No
81.74396934831024,79.7326902310671,3.4188941976702516,325166.85706616624,Graduate,Female,Rural,No
78.57709568399531,83.13482018973382,9.036244678215425,257293.47022650356,High School,Female,Semi-Urban,No
50.21032101276199,89.00084320591009,0.5878724609335062,219988.15831056787,Graduate,Male,Semi-Urban,No
68.84948169809732,91.30122075304459,8.72582243159166,477849.57778429537,Graduate,Male,Semi-Urban,No
79.85944124914008,98.35080335151709,8.487723964609192,378012.3606155325,None,Female,Urban,No
77.82442557567438,80.74155638536645,1.7381646734257983,272609.07266364875,High School,Male,Urban,No
81.24579556109335,78.88897974096632,5.225616255921894,269085.11206486984,Graduate,Female,Semi-Urban,No
68.41098219077962,97.30658430798196,0.7478959699459486,266023.71815756825,High School,Male,Semi-Urban,No
64.2489207588654,82.64896037532426,5.553874944074541,201604.00772975403,Postgraduate,Female,Urban,No
51.99738082880106,97.51014344412911,5.294293284467157,291798.3794593288,Graduate,Female,Urban,No
51.773454574497194,63.745512618749586,5.62569467934515,145684.62513065356,Postgraduate,Male,Urban,No
93.94476568323505,82.9103996001883,5.83076487385177,294851.2243381184,Graduate,Male,Semi-Urban,No
87.95122010066886,78.06530471924789,6.880630405973694,164943.12603316022,High School,Female,Semi-Urban,No
65.88105736271362,69.71113705333391,4.915375663195673,466631.9655688847,Postgraduate,Male,Rural,No
60.829218486878574,87.4541735197881,1.0836301228355205,262183.52441177494,Graduate,Male,Urban,No
62.323979799782954,71.4363071210884,2.412354846552894,256904.0602084924,Postgraduate,Male,Semi-Urban,No
60.99908430891482,82.88975079229652,9.10829681527038,180574.94007305396,Graduate,Male,Urban,No
81.36596986651419,79.51335745947748,2.0886104958412766,228220.54108148188,High School,Female,Semi-Urban,No
40.50129461083988,88.71292769674177,3.441858170432801,348597.78757146443,High School,Male,Rural,No
32.66650144792906,92.39678667626322,6.665726820925302,477622.7026247902,Graduate,Female,Urban,No
43.25562259467073,92.0746568685672,8.511756028235945,357837.8927058484,Graduate,Male,Rural,No
71.7815164922588,80.58890731794725,8.334492584317626,141904.02823112698,High School,Male,Semi-Urban,No
82.24966230435945,71.54417004951037,6.763742483200588,416502.2473977007,High School,Female,Rural,No
64.98237030927491,64.60981275077133,3.886063135324307,371523.27150687523,None,Female,Rural,No
58.39919974923774,65.01255728419059,0.45450719065394884,335944.78656288097,Graduate,Male,Urban,No
55.59035584721563,78.56392412753202,9.992035593480628,372999.4791158579,None,Male,Rural,No
65.81253288481122,63.07406838280839,9.25418887691294,503903.4766033916,Postgraduate,Male,Rural,No
100.0,76.23227524238173,6.6144244775288366,243942.36161992035,Postgraduate,Male,Urban,No
53.96290206695807,97.99215925623771,1.1026021670992425,323736.56214284245,High School,Male,Rural,No
66.49487679086131,81.20166575876078,3.894933940626758,322355.9138286337,High School,Male,Urban,No
38.370954970647404,80.30699700989955,3.7366200784698353,97938.0250445786,Graduate,Male,Rural,No
74.91448730201625,78.12675987059566,7.979876131256349,245782.85721609055,None,Male,Urban,No
33.25850837707688,86.50328749814062,1.53162793152543,298688.67982874706,High School,Male,Urban,No
64.35702063094189,83.6939488482117,8.268094356227717,170768.0926526403,Graduate,Female,Rural,No
75.20089365955329,74.91049196387011,1.9053676591834767,222446.82648173056,High School,Male,Semi-Urban,No
60.24528345020218,69.571883847514,4.8285344924887355,255709.70291861118,High School,Female,Urban,No
64.45517389831441,76.21285812978888,6.721752109409017,378025.00479575,High School,Female,Rural,No
63.80651114536928,68.49598550857363,7.035219161982073,336419.8257287331,Graduate,Female,Semi-Urban,No
69.92583026135661,96.12912068402603,4.027242222547731,364568.1078609349,Graduate,Female,Semi-Urban,No
58.568989503830714,93.86298059683217,4.488010298985596,323856.404442249,Graduate,Male,Semi-Urban,No
41.21729695968221,92.49598937196295,1.1979312333511227,255555.21364533377,Graduate,Male,Semi-Urban,No
46.70824586131913,87.20268795184678,6.445434931503662,403385.94445344526,None,Female,Rural,No
47.972700160560976,77.67517491518022,4.11686590999337,466740.03280852677,Graduate,Female,Semi-Urban,No
43.29514891678424,78.7689204187913,6.532298784811159,354342.96524818696,High School,Male,Urban,No
55.46600214310189,77.35388064511793,2.849242792448048,381017.13274442044,None,Female,Rural,No
65.47563374177386,86.29955222658766,5.962041114163209,328205.1556018135,Postgraduate,Male,Urban,No
65.43663716171281,79.53491120116823,2.820947313208191,473042.09227319516,High School,Male,Urban,No
56.495168274875034,79.72260712513868,1.9624397014462047,469878.75206117705,Graduate,Female,Rural,No
63.985283938321274,74.81242274807114,9.594432448593347,524341.4882173236,High School,Male,Urban,No
63.15297905760748,75.20265783290412,8.101072731171467,483224.5653407632,High School,Male,Rural,No
58.858678326692235,74.74616476546201,2.188087473805802,478850.00041333516,Graduate,Female,Urban,No
41.05232924283257,69.71042367437676,2.814348860001492,379128.6090112262,High School,Female,Urban,No
69.63615220784665,80.70455652470021,6.065645807879294,248825.4725386596,None,Male,Urban,No
59.26861279885566,68.39801775253336,1.7107646052516967,236814.8308315841,High School,Male,Urban,No
64.26439450521755,80.32453445716637,9.434687175158734,306450.8934675936,High School,Female,Urban,No
83.39712102320854,61.299962772897985,5.785081123100513,418732.44541598664,High School,Female,Semi-Urban,No
78.40281369512836,78.35917243004391,8.151180727616223,314067.89078185207,High School,Female,Rural,No
74.98771580083235,100.0,7.687102084879319,261023.2175133846,High School,Male,Rural,No
51.67904708435502,85.13638736782464,6.090998567534394,255626.30897377484,None,Male,Urban,No
83.75211584823111,100.0,7.344519004209818,313829.55041051854,Postgraduate,Male,Rural,No
64.32813529994046,65.63015907334454,1.8765433015751154,419752.6280474262,Graduate,Female,Rural,No
52.94971990848241,71.18480780649654,6.571650879257231,171719.59504405002,Graduate,Female,Urban,No
53.530210660479135,87.04395372325092,9.373292963058024,313195.18247489404,Graduate,Female,Semi-Urban,No
65.0830101146597,100.0,2.469069599477216,207079.64061424878,None,Female,Rural,No
85.85959673158789,60.83216190704316,0.02017644328855095,379199.2774496805,None,Female,Rural,No
49.6244242170459,72.24078535918363,3.7468231816718256,306062.5276517091,High School,Female,Semi-Urban,No
75.92251570325053,88.34856110010075,1.4582450778644473,317962.49682736985,None,Male,Rural,No
32.535017776772015,81.91654866542454,3.9896376144759236,158960.0511550009,None,Female,Semi-Urban,No
74.8319213025668,81.06021937003703,4.822735541667173,255868.13948495657,None,Male,Semi-Urban,No
69.65422780294341,79.8963930124055,8.155086969426778,283352.79459425877,None,Male,Semi-Urban,No
45.795105448448666,82.3685287429105,0.8658590986764458,191049.37244006433,Postgraduate,Male,Rural,No
70.40260443193081,67.8927084803769,1.29734220027643,119633.46876931557,Postgraduate,Female,Rural,No
71.16507967170405,80.76501218820356,2.707308823044862,158815.5933519953,Graduate,Male,Semi-Urban,No
62.49482522999482,78.00671987924099,8.555375957766946,245464.89777856876,Graduate,Female,Urban,No
65.92177120063548,91.93942285435388,7.002673865177254,277862.1864533461,High School,Female,Rural,No
47.28243165871051,76.1533578882482,6.000435710265675,245519.78142806923,High School,Male,Rural,No
87.43545677251205,80.28293443684417,0.09698402764022007,344113.98705780716,Postgraduate,Female,Rural,No
78.47978322220763,86.49086604410837,9.557176114348202,227105.91176654378,None,Male,Urban,No
80.52561179814613,85.3394186852669,3.9959611020131627,472848.56966207945,High School,Male,Urban,No
61.02055386778714,86.78471661448826,5.5108369547680605,440501.3455133098,Postgraduate,Female,Semi-Urban,No
40.99770887769874,89.01124048172963,6.714366888728,290535.66107200476,Postgraduate,Male,Semi-Urban,No
98.51787907054553,93.75764864417117,9.508575498721413,196790.71043989575,High School,Male,Rural,No
72.69468489849191,100.0,7.528590318545451,259694.33406043804,High School,Male,Urban,No
64.65357198095299,69.53987083344174,6.153685867901702,310472.22728532937,High School,Female,Urban,No
52.496304596243185,67.431988323046,0.30333936495512526,296216.00321837276,Postgraduate,Female,Rural,No
45.54830736125105,91.5907726080047,4.961888862124609,383359.08192616806,Postgraduate,Female,Urban,No
71.46536566168002,91.11995353498982,3.938941315757499,273942.0522756945,High School,Female,Rural,No
67.36789609681338,66.05997590162025,8.524289498748983,339981.3885802069,High School,Male,Urban,No
34.062238941289884,100.0,9.303440110586694,188890.98265720299,High School,Male,Rural,No
39.262518258224986,74.61488234909226,3.9934294837484297,300800.8895580269,Graduate,Female,Urban,No
73.16977618201979,87.00553429350921,7.4112965736433125,429647.87898013927,High School,Female,Rural,No
64.21369791155486,70.83686163734467,4.0317201432315635,192970.56540023384,Graduate,Female,Rural,No
63.81066817583539,79.57936850373699,2.6476824793747102,174469.15635413368,None,Female,Rural,No
82.01170296488935,83.0493025347944,9.959944600912428,227580.1612322399,Graduate,Female,Rural,No
65.07814424667528,100.0,7.3443791676420025,383037.7884254677,Graduate,Female,Rural,No
69.49528908458758,78.34753517932567,9.169297116163033,445073.1536534677,Postgraduate,Male,Semi-Urban,No
65.08017141822937,70.475893021727,3.875811306494107,321472.03699094837,High School,Male,Urban,No
70.19962642294202,67.62553644602167,8.706741441895756,240355.85930003808,Postgraduate,Male,Rural,No
60.88607901129914,78.84369726375655,3.7919865463807523,346854.68812490685,Graduate,Male,Urban,No
70.72203426945546,96.72864050264113,1.1266367823469714,218830.2000305698,High School,Female,Urban,No
92.8230486256277,69.0673966242814,8.420510150332685,187490.3782063894,Graduate,Female,Urban,No
98.05411940300536,100.0,7.229357874559421,275190.3323100653,High School,Female,Urban,No
54.12478980697881,86.11123623663119,0.9357225313319095,224379.83191477216,High School,Male,Rural,No
71.37049468255425,72.56022389464513,0.04890561964985274,239291.9966880004,High School,Female,Rural,No
55.96414441662287,69.88076762178234,0.09663757540404938,268618.75030022016,Postgraduate,Male,Semi-Urban,No
37.859987210326096,95.77730750424828,9.539517812331727,512169.430384579,None,Female,Semi-Urban,No
55.53141708336549,76.34567766567639,4.950554263442205,305850.40127309755,Graduate,Male,Urban,No
72.29178971774174,91.88928244996802,9.791275593318954,348185.07729071577,High School,Female,Semi-Urban,No
64.24212507790614,65.2035169454222,8.490839180172484,237577.6526728309,High School,Male,Rural,No
62.14475360948769,94.17177047413605,9.007721278072477,288333.32292557677,Postgraduate,Female,Urban,No
64.8880681261002,82.25809649460464,2.09765880802978,394334.82357822143,Graduate,Male,Rural,No
80.98637069916283,90.03387625932578,6.962468525719032,208171.02876427467,Postgraduate,Male,Urban,No
37.30405853855869,76.38206768437959,5.322992190882198,215264.60022859182,High School,Female,Semi-Urban,No
84.5194360544035,97.32295494612383,8.546857680528007,390100.72423200787,Graduate,Female,Urban,No
41.24514349788134,80.07841089665132,1.8828964173911844,293223.7368614796,None,Female,Rural,No
77.87415831460001,86.42869569086086,4.194087657116691,378161.62408117973,Graduate,Male,Rural,No
62.28065945492534,70.61089560070128,7.307173628361615,296306.21550833207,None,Female,Semi-Urban,No
70.25493601802053,78.350513078253,7.189848171043832,308527.96186638594,High School,Female,Rural,No
67.99266143426522,81.99458911263203,0.3282036507210373,392651.4310820484,Postgraduate,Male,Urban,No
46.87091275401674,94.35657846782034,2.906154607215562,441785.4506726724,None,Male,Semi-Urban,No
48.81339695844599,87.67817170547644,3.1439248497336436,290541.89331926743,None,Male,Rural,No
25.970434586754997,98.76993634876591,9.511860258556283,212297.11702418333,High School,Female,Urban,No
64.93306471322762,86.05765254480428,4.653961449965552,227844.74252313963,Graduate,Male,Semi-Urban,No
68.8450196169672,89.77303908541332,0.5933418111190947,351432.70129757514,None,Female,Rural,No
64.41296880707188,65.60447954154935,4.830520995208007,305986.68131679686,None,Female,Urban,No
60.74344903606475,80.82460152071769,9.033652546241221,166386.50886332936,None,Female,Semi-Urban,No
59.39280695500949,91.85872152824356,6.158226535975647,423464.29564921546,High School,Male,Semi-Urban,No
67.27004248656264,89.61997925912223,4.390268685578689,447369.1436205875,High School,Male,Urban,No
60.236990412617345,94.82415609213493,1.949765086959564,222713.81696926,Postgraduate,Male,Urban,No
49.51856375635536,66.82084597663295,6.293161985569299,326102.1059262252,High School,Female,Rural,No
76.27753977975213,69.87849504594168,9.599172182383002,325171.3158018439,High School,Female,Urban,No
76.09651442885672,82.28185890757769,7.811062206792024,336127.90930944774,Graduate,Male,Urban,No
63.4614259752646,75.57903884902223,9.20120933012887,464110.1476493103,Graduate,Female,Urban,No
63.45227677260937,72.68182974694426,5.386160682997638,411773.88531586167,High School,Male,Urban,No
48.27148771072149,69.03232353659939,9.835705223564904,184193.14568020648,Graduate,Male,Semi-Urban,No
64.90321950931924,95.3915616209517,8.51179508993918,181381.4348601182,High School,Male,Urban,No
65.0810488319912,75.49598756433754,0.7320539486217248,495858.5889594385,Postgraduate,Female,Urban,No
75.73148099193477,81.28624256441171,5.634423401033901,162238.35757658505,None,Male,Semi-Urban,No
63.2811972852041,65.3466840273618,2.049841213840704,361078.1604936979,Graduate,Male,Urban,No
82.06174251212468,93.39553998691741,5.176566115022409,274350.3866328232,Graduate,Male,Urban,No
45.590020447664415,83.02068487367517,2.5700773478238723,279043.89544533374,Postgraduate,Male,Semi-Urban,No
45.3289563002233,78.7712994001837,9.47637365816631,219775.3288109044,Graduate,Male,Rural,No
69.60042192579023,93.4160029590301,4.101159174390798,50000.0,None,Male,Urban,No
36.00606448128977,72.88261514331585,5.938445629489827,195314.14389723507,Graduate,Male,Urban,No
66.11405202369788,100.0,6.944628701370221,300722.0551484754,High School,Female,Rural,No
34.99816296384604,90.12994246034742,7.127806940298766,374990.03427632886,Graduate,Female,Semi-Urban,No
83.77916043054323,82.66134179649185,5.716970535004743,247675.10764928098,High School,Female,Semi-Urban,No
